序號,受捐贈機關或團體名稱,捐贈碼,受捐贈機關或團體簡稱,受捐贈機關或團體統編,縣市
1,財團法人中華民國兒童癌症基金會,="88888",兒癌基金會,="04140854",臺北市
2,財團法人至善社會福利基金會,="4399",,="48930399",臺北市
3,社團法人中華光鹽愛盲協會,="818",,="10312805",臺北市
4,財團法人台南市私立吾愛吾家養護中心,="520999",,="17033201",臺南市
5,財團法人天主教會嘉義教區附設嘉義縣私立安仁家園,="025520",安仁家園,="36725844",嘉義縣
6,財團法人台灣省天主教會新竹教區,="528",新竹教區,="02859871",新竹市
7,財團法人桃園市真善美社會福利基金會,="268",真善美,="30366265",桃園市
8,財團法人聖島社會福利慈善基金會,="123999",聖島,="26334592",臺北市
9,財團法人基督教臺北市私立伯大尼兒少家園,="5200",伯大尼,="05200479",臺北市
10,社團法人台灣新住民家庭成長協會,="168",新住民協會,="26316757",新北市
11,社團法人中華民國晴天社會福利協會,="9595995",晴天協會,="26661737",桃園市
12,財團法人１８℃文化基金會,="94218",18℃,="26923839",南投縣
13,社團法人中華太乙金蓮丹鼎會,="444",太乙金蓮,="37932011",花蓮縣
14,社團法人台灣家族系統排列協會,="3969",家排協會,="39693732",新北市
15,台灣健康合作發展組織,="168777",HCOOP,="39736731",臺中市
16,社團法人台灣ＦＯＣＵＳ家庭協會,="1314515",青春無悔,="38522275",臺北市
17,財團法人台北市關懷台灣文教基金會,="9217",關懷台灣,="17144966",臺北市
18,社團法人台灣懷生相信動物協會,="3405",相信動物,="50256104",基隆市
19,人權公約施行監督聯盟,="1948",人約盟,="42469266",臺北市
20,財團法人中國基督教靈糧世界佈道會安平靈糧堂,="1458",建堂奉獻,="81319322",臺南市
21,財團法人無國界醫生基金會,="58813",無國界醫生,="75962339",臺北市
22,社團法人苗栗縣全人希望發展協會,="374570",苗栗希望館,="82483150",苗栗縣
23,財團法人基督教更生團契桃園市私立少年之家,="31995",少年之家,="72856004",桃園市
24,社團法人嘉義市腦性麻痺協會,="2855669",嘉義腦麻,="74823748",嘉義市
25,社團法人中華基督教今日傳媒發展協會,="128",今日報,="38654269",臺北市
26,財團法人標竿教育基金會,="5991",標竿,="99181480",新北市
27,社團法人中華民國吾老幼協會,="1566",吾老幼,="82375103",臺中市
28,社團法人台灣愛爾德社會福利協會,="9598",愛爾德,="72779598",新北市
29,社團法人高雄市真珠堂慈善會,="215",真珠堂,="47705752",高雄市
30,社團法人臺中市慢飛家庭關懷協會,="85179",守護慢飛,="72311411",臺中市
31,財團法人宜蘭縣私立柏拉圖復康之家,="172099",,="85273889",宜蘭縣
32,社團法人台灣彩虹平權大平台協會,="0524",,="42390254",臺北市
33,社團法人台灣運動好事協會,="1717010",運動好事,="77791847",臺北市
34,社團法人郭東修（冬瓜）生命教育紀念協會,="17880",冬瓜生命,="77791797",臺北市
35,高雄市國際青年表演藝術發展協會,="126",青藝會,="88036313",高雄市
36,有限責任屏東縣幸福原住民照顧服務勞動合作社,="1818",幸福照社,="36874702",屏東縣
37,社團法人台北市喜願協會,="2718",喜願協會,="92000392",臺北市
38,財團法人海棠文教基金會,="1151",海棠,="01031190",臺北市
39,財團法人富邦慈善基金會,="17520",,="01051934",臺北市
40,社團法人台灣全球兒童少年援助會,="9199",全球兒少,="26899887",臺中市
41,財團法人誠致教育基金會,="6161",,="26641830",新北市
42,財團法人天元教育基金會,="3968",天元教育,="40928413",屏東縣
43,財團法人基督教聖道兒少福利基金附屬台北市私立聖道兒童之家,="176",聖道兒家,="01055474",臺北市
44,社團法人台灣釋教善本巖協會,="3344567",善本巖,="47556394",臺中市
45,社會民主黨,="0329",,="42303907",臺北市
46,財團法人趨勢教育基金會,="74520",趨勢基金會,="18032911",臺北市
47,宏善寺,="8558",宏善寺,="78525988",
48,中華民國健康心靈關懷協會,="9580",健康心靈,="10941184",臺中市
49,社團法人臺東縣身心障礙者保護協會,="551212",身保協會,="36781057",臺東縣
50,社團法人高雄市春陽協會,="95940",春陽協會,="08211302",高雄市
51,松山慈惠堂,="516888",松山慈惠堂,="81581040",臺北市
52,社團法人台灣一起夢想公益協會,="510",一起夢想,="31894406",臺北市
53,財團法人台北市敦安社會福利基金會,="1103",敦安基金會,="17151918",臺北市
54,社團法人台灣青年氣候聯盟,="7676",,="31895003",臺北市
55,財團法人法鼓山文教基金會,="0095",法鼓山文教,="00959163",臺北市
56,社團法人中華民國自閉症適應體育休閒促進會,="518",適體休閒,="50640207",新北市
57,臺南市腳印社區關懷協會,="490101",腳印協會,="81385244",臺南市
58,社團法人台灣未來協會,="2018",,="85359611",新北市
59,臺灣基督教門諾會醫療財團法人,="555",花蓮門諾,="94607424",花蓮縣
60,社團法人臺北市支持流浪貓絕育計劃協會,="52668",TNR協會,="31825507",臺北市
61,財團法人新北市私立鈊象電子社會福利慈善事業基金會,="885168",鈊象基金會,="37824940",新北市
62,社團法人台灣全民食物銀行協會,="4545",全民食物,="26887242",臺中市
63,社團法人高雄市晨暉關懷協會,="3510",高雄晨暉,="47621971",高雄市
64,苗栗縣感恩慈善協會,="271987",,="47608766",苗栗縣
65,財團法人臺北市安麗希望工場慈善基金會,="600",希望工場,="31895762",臺北市
66,美和學校財團法人美和科技大學,="7799821",美和科大,="92501207",屏東縣
67,社團法人臺中市飛夢想慈善協會,="17899",飛夢想協會,="87011118",臺中市
68,社團法人屏東縣愛心樹慈善會,="9018",愛心樹,="81362039",屏東縣
69,社團法人高雄市?濟關懷協會,="1091128",,="88050623",高雄市
70,財團法人利河伯社會福利基金會,="2995",利河伯,="20417194",臺中市
71,中華救助總會,="5943",救總,="03707402",臺北市
72,財團法人桃園市怡仁愛心基金會,="2488772",怡仁基金會,="02488772",桃園市
73,社團法人桃園市愛心公益聯盟總會,="3365885",桃園公益盟,="31672925",桃園市
74,社團法人臺灣非視覺美學教育協會,="5214",,="38979695",雲林縣
75,社團法人臺灣畫話協會,="3939",畫話協會,="39696702",臺中市
76,社團法人台灣芒草心慈善協會,="9487",芒草心,="31817871",臺北市
77,社團法人臺灣寶島淨鄉團,="5220",寶島淨鄉團,="42524492",臺北市
78,社團法人桃園市愛力社會福利協會,="9595520",愛力協會,="72784136",桃園市
79,社團法人桃園市唐氏症家長協會,="520321",,="72747695",桃園市
80,社團法人嘉義市心康復之友協會,="0615",心康復之友,="40931389",嘉義市
81,桃園市立迴龍國民中小學,="9999999",迴龍國中小,="87795809",桃園市
82,社團法人台灣公益聯盟,="51156",,="42456071",新北市
83,社團法人苗栗縣基督教靈糧使徒宣教協會,="374571",靈糧宣教館,="87188425",苗栗縣
84,台灣雷射鈑金發展協會,="2567",雷射協會,="10791045",臺中市
85,財團法人桃園市私立脊髓損傷潛能發展中心,="518007",脊髓中心,="17121730",桃園市
86,社團法人中華萱民會,="5680",中華萱民會,="99206089",屏東縣
87,財團法人台中市私立龍眼林社會福利慈善事業基金會,="185",龍眼林,="45280110",臺中市
88,社團法人台灣動物人文社,="1001",TAHA,="31885146",臺北市
89,財團法人雙福社會福利慈善事業基金會附設嘉義市私立晨光智能發展中心,="2003098",晨光中心,="99167902",嘉義市
90,中華民國紅十字會,="55135",紅十字會,="03708802",臺北市
91,社團法人台灣身心靈全人健康醫學學會,="2197106",TSHM,="37763113",新北市
92,社團法人台灣愛貓協會,="921314",愛貓協會,="26376895",臺北市
93,社團法人高雄市八方義行團關懷協會,="0901",八方,="47718736",高雄市
94,財團法人ＲＢＩ瑞金抗齡照護研究教育基金會,="198001",R基金會,="47577433",臺中市
95,社團法人臺北市賢霞長期照顧促進發展協會,="5203344",賢霞長照,="75978986",臺北市
96,社團法人台灣慈善會,="0101",台灣慈善,="85277908",桃園市
97,財團法人福智慈善基金會,="5599",福智慈善,="31925581",臺北市
98,社團法人台灣米克斯保護協會,="2998",台灣米克斯,="85406375",新北市
99,社團法人台北市野鳥學會,="1973999",台北鳥會,="21003518",臺北市
100,嘉義市西區白川町社區發展協會,="52839",愛在白川町,="40949515",嘉義市
101,社團法人中華民國兒童燒燙傷關懷協會,="94520",兒燙關懷,="87556960",桃園市
102,財團法人百世教育基金會,="5555484",百世基金會,="21352331",高雄市
103,社團法人中華民國自閉症總會,="1577",自閉症總會,="97975230",臺北市
104,財團法人中華民國消費者文教基金會,="7001234",消基會,="04139414",臺北市
105,中華社會福利聯合勸募協會,="7505",,="77127505",臺北市
106,財團法人天主教會花蓮教區附設花蓮縣私立聲遠老人養護之家,="855",聲遠之家,="95943120",花蓮縣
107,衛生福利部社會及家庭署寧園安養院,="8800",寧園安養院,="78028790",新竹縣
108,財團法人天主教會台中教區附設彰化縣私立聖母聖心?智中心,="20855",聖母聖心,="78627227",彰化縣
109,財團法人台灣省屏東縣南州鄉精明寶宮附設私立精忠育幼院,="7448",精忠育幼院,="91907448",屏東縣
110,社團法人苗栗縣無障礙關懷協會,="388",無障礙協會,="38970890",苗栗縣
111,社團法人臺北市蒲公英聽語協會,="71521",蒲公英聽語,="42451890",臺北市
112,社團法人光線溫暖協會,="80945",光線協會,="87172177",臺中市
113,社團法人台灣障礙者權益促進會,="1113",障權會,="38528756",臺北市
114,社團法人德內儿國際兒童助學會,="2199",德內儿,="47530944",臺中市
115,財團法人台灣兒童暨家庭扶助基金會高雄市南區分事務所,="7261651",,="76223699",高雄市
116,社團法人雲林縣聲暉協進會,="630123",雲林聲暉,="98193570",雲林縣
117,社團法人台灣彩虹愛家生命教育協會,="199907",彩虹愛家,="29215439",新北市
118,國立台灣海洋大學,="195310",海洋大學,="00501503",基隆市
119,社團法人桃園市失智症關懷協會,="8185",失智症協會,="26599930",桃園市
120,社團法人宜蘭縣得安家庭關懷協會,="94180",得安協會,="30112777",宜蘭縣
121,社團法人新竹縣天使之音協會,="5586551",,="26641043",新竹縣
122,社團法人臺中市商業愛心會,="1885",,="26881556",臺中市
123,財團法人為台灣而教教育基金會,="17747",為台灣而教,="72700376",新北市
124,社團法人台灣流浪動物希望協會,="119",動希會,="50711722",新北市
125,社團法人新竹市懷安協會,="7185",懷安,="85296882",新竹市
126,社團法人中華民國紅鼻子關懷小丑協會,="1801",紅鼻子醫生,="72621801",臺北市
127,社團法人台灣浪愛永恆協會,="3737",浪愛永恆,="77213945",臺北市
128,社團法人中華民國愛鼠協會,="5151",愛鼠協會,="42457867",臺北市
129,財團法人台灣痲瘋救濟基金會,="1954",台痲,="00985079",臺北市
130,財團法人天主教會花蓮教區附設救星教養院,="5297",我愛救星,="37736340",臺東縣
131,社團法人中華淨因眾生關懷協會,="1188",淨因協會,="37984592",新北市
132,社團法人台灣全球和平青年協進會,="17168",和青會,="26889889",臺中市
133,社團法人台灣我愛我心健康促進協會,="5253",,="40814072",臺南市
134,財團法人花蓮縣播種者文化藝術基金會,="2520",播種者,="02932520",花蓮縣
135,社團法人秋野芒文創協會,="52918",秋野芒,="42089202",花蓮縣
136,社團法人高雄市慈心家庭關懷協會,="65840",慈心,="72199542",高雄市
137,社團法人台灣陽光真愛青少年關懷協會,="98719",,="81372064",臺南市
138,台灣動物法律扶助協會,="1226",法扶協會,="82335980",新北市
139,社團法人桃園市肢體傷殘協進會,="8085",桃肢協會,="98226087",桃園市
140,社團法人中華民國身障自行車運動發展協會,="1710",身障自行車,="47307635",臺中市
141,社團法人台灣職業安全健康連線,="058",職安連線,="38487690",臺北市
142,社團法人高雄市幸福狗尾巴友善動物協會,="06848",幸福狗尾巴,="81088342",高雄市
143,社團法人台灣優活山林協會,="94168",優活山林,="31549469",桃園市
144,財團法人台北市私立同舟發展中心,="785785",同舟,="81590293",臺北市
145,社團法人臺灣點一盞燈社會關懷協會,="95999",點一盞燈,="31746530",臺北市
146,社團法人宜蘭縣公民監督聯盟,="0507",宜督盟,="26796587",宜蘭縣
147,台北市道教道德協會,="77808",道德協會,="26316763",臺北市
148,社團法人中華民國圓夢傳愛關懷協會,="580085",580,="37736263",臺南市
149,財團法人勇源輔大乳癌基金會,="10178",勇源輔大,="01853441",新北市
150,財團法人雲林縣私立信義育幼院,="5955836",信義育幼院,="97605188",雲林縣
151,社團法人新竹縣愛鄰社區關懷協會,="20520",新竹愛鄰,="01885324",新竹縣
152,財團法人桃園市私立德盛社福基金會,="233",德盛基金會,="50708233",桃園市
153,財團法人台灣省私立菩提仁愛之家,="5574481",,="55744814",臺中市
154,社團法人台灣公益責信協會,="0183",責信協會,="38620183",臺北市
155,社團法人台灣幸褔狗流浪中途協會,="856203",幸福狗,="72461570",苗栗縣
156,社團法人新北市流浪貓狗再生保護協會,="8866",貓狗再生會,="41115651",新北市
157,社團法人臺灣彩虹公民行動協會,="2003",台灣同遊,="39759641",臺北市
158,醫療財團法人南迴基金會,="4141",南迴基金會,="81721844",臺東縣
159,社團法人台灣蝴蝶保育學會,="851225",台灣蝶會,="20085012",臺北市
160,財團法人麥當勞叔叔之家慈善基金會,="86888",RMHC,="20087779",臺北市
161,社團法人台北縣脊髓損傷者協會,="7879",新北市脊髓,="87808038",新北市
162,財團法人基督教希望之光會,="222785",希望之光,="98667464",臺南市
163,財團法人臺灣省私立嘉義博愛仁愛之家,="85995",嘉義博愛,="66414699",嘉義市
164,臺灣臻善人文協會,="1491",臻善,="81077886",高雄市
165,社團法人尚仁教育發展協會,="17856",尚仁教育,="88035362",高雄市
166,社團法人宜蘭縣有愚齋慈善共修協會,="4928",有愚齋,="02928531",宜蘭縣
167,財團法人臺灣省花蓮縣基督教宣教士差會附屬花蓮畢士大教養院,="1212",,="94805607",花蓮縣
168,財團法人癌症希望基金會,="16888",癌症希望,="26309904",臺北市
169,社團法人屏東縣關心身心障礙者服務協會,="258",,="36854950",屏東縣
170,財團法人善慧恩社會慈善基金會,="5999",善慧恩,="26045642",高雄市
171,財團法人臺中市私立惠明盲校,="111111",惠明盲校,="05765074",臺中市
172,社團法人禾豐在地文化推廣交流協會,="365885",在地天使會,="37832667",新北市
173,社團法人彰化縣沐風關懷協會,="2540",彰化沐風,="47597711",彰化縣
174,社團法人彰化縣基督教旌旗協會,="3155",彰化旌旗,="72605393",彰化縣
175,社團法人台灣友善動物協會,="9305",友善動物,="85363517",新北市
176,社團法人中華民國反棄養寵物協會,="11289",反棄養寵物,="50733232",新北市
177,實踐大學,="070",實踐大學,="03724401",臺北市
178,財團法人嘉義縣私立一心教養院,="50877",一心教養院,="14939132",嘉義縣
179,社團法人台灣心動家族兒童青少年關懷協會,="881",心動家族,="47263469",臺中市
180,社團法人高雄市唐氏症歡喜協會,="7717299",,="36997676",高雄市
181,社團法人中華玉基殿文化推廣協會,="990",愛心,="73660696",臺北市
182,社團法人高雄市永安社會福利協會,="387508",永安協會,="38746508",高雄市
183,財團法人民間公民與法治教育基金會,="8491",法治教育,="31800061",臺北市
184,社團法人台灣婦幼愛心協會,="8520",婦幼愛心,="85201078",桃園市
185,社團法人三元講堂協會,="885150",三元講堂,="87149275",臺中市
186,財團法人一貫道彌勒博學院教育基金會,="3416",彌勒博學院,="41113416",新北市
187,財團法人基督教惠明盲人福利基金會附設臺中市私立惠明盲童育幼院,="222222",惠明育幼院,="55922872",臺中市
188,財團法人台南市私立天主教瑞復益智中心,="52088",,="69678245",臺南市
189,社團法人國際生命線台灣總會,="1995",生命線總會,="69743528",臺北市
190,社團法人大中華婦幼關懷成長協會,="5757",婦幼協會,="10938717",臺中市
191,臺中市善護協會,="3505",臺中善護,="26870397",臺中市
192,社團法人高雄市打狗文史再興會,="0917",打狗會社,="36979348",高雄市
193,社團法人台灣媽祖魚保育聯盟,="0051",保育白海豚,="38621710",臺北市
194,財團法人高雄市關愛社會福利慈善事業基金會,="7268",關愛基金會,="72202130",高雄市
195,社團法人台灣全國大聲公社區關懷協會,="54831",全國大聲公,="72968063",臺北市
196,財團法人雲林縣大慈社會福利慈善基金會附設私立一心育幼院,="010",一心育幼院,="72371753",雲林縣
197,財團法人佛陀教育基金會,="5511",佛陀教育,="21102881",臺北市
198,社團法人中華響響輔助科技協會,="8859168",中華響響,="88095086",臺北市
199,社團法人臺中市響響輔助科技協會,="85945",台中響響,="47538489",臺中市
200,社團法人台灣原鄉智慧農業科技發展協會,="1106",台智農,="87541735",新北市
201,全球華人莘生發展協會,="4764309",,="47643095",
202,財團法人台南市私立康寧教養院,="0202",康寧教養院,="97944672",臺南市
203,新北市樂扶庇護工場,="5788",樂扶庇護場,="26133434",新北市
204,社團法人恩物社會服務推廣協會,="17655",,="19328552",臺北市
205,社團法人臺灣酒駕防制社會關懷協會,="1959",,="38527546",臺北市
206,社團法人臺中市粒粒米救助協會,="088",,="87010069",臺中市
207,財團法人民間司法改革基金會,="948",民間司改會,="20081965",臺北市
208,社團法人舊鞋救命國際基督關懷協會,="3030",舊鞋救命,="42201373",桃園市
209,財團法人國語日報社,="5248",國語日報社,="03733302",臺北市
210,社團法人華人磐石領袖協會,="84440",華人磐石,="31834772",臺北市
211,財團法人台北市瑞智社會福利基金會,="864",瑞智基金會,="76740315",臺北市
212,社團法人台灣生命之窗慈善協會,="1777",SMA協會,="88114366",臺北市
213,社團法人中華民國自閉症權益促進會,="7272520",自權會,="72764053",新北市
214,東基醫療財團法人,="8080",東基,="93506428",臺東縣
215,東基醫療財團法人,="299",東基,="93506428",臺東縣
216,社團法人宜蘭縣普達關懷協會,="135",培德關懷,="31535535",宜蘭縣
217,財團法人台灣基督教門諾會附設花蓮縣私立黎明教養院,="6688",黎明教養院,="08152325",花蓮縣
218,財團法人蒲公英希望基金會,="785",蒲公英希望,="48948460",臺北市
219,財團法人新北市私立明新兒童發展中心,="3769",明新兒發,="02344889",新北市
220,中華雲旨玄學協會,="9678",雲旨玄學,="47617049",臺中市
221,台灣公民行動紀錄協會,="576",公庫,="38599843",臺北市
222,社團法人中華扶智生命教育協會,="52374",中華扶智,="82242054",基隆市
223,社團法人台灣海龜保育學會,="1016",海龜學會,="72936491",臺北市
224,社團法人臺東縣友善關懷協會,="109",友善協會,="47880786",臺東縣
225,社團法人台灣美樂家慈善關懷協會,="52720",美樂家慈協,="99974095",臺北市
226,財團法人蘭智社會福利基金會,="96588",蘭智基金會,="09677593",宜蘭縣
227,社團法人中華傳愛社區服務協會,="085",傳愛,="17716789",臺中市
228,社團法人中華民國關懷腦瘤兒童協會,="1012833",腦瘤協會,="18044613",臺北市
229,台灣性別不明關懷協會,="563",性別不明,="38527089",臺北市
230,社團法人台灣黑糖流浪動物救援協會,="958",,="88055964",高雄市
231,社團法人台灣有點溫暖毛孩協會,="5266",溫暖毛孩,="88166595",臺北市
232,社團法人中華民國荒野保護協會,="8999",荒野保護,="92024922",臺北市
233,社團法人台灣亞洲動物福利協會,="3200",AAWA,="26916892",臺中市
234,社團法人台灣護樹協會,="59424",護樹協會,="38970478",臺中市
235,財團法人玄門法師文教基金會,="1021210",玄門法師,="38801332",臺中市
236,財團法人中華?能基金會附設春暉?能中心,="598",春暉啟能中,="02165702",新北市
237,台灣地板滾球運動聯盟,="275",,="38650502",臺北市
238,財團法人家樂福文教基金會,="2417",家樂福文教,="97974226",臺北市
239,社團法人中華善愛社福協會,="5208585",中華善愛,="77403804",臺北市
240,臺南市明燈慈善會,="1040728",明燈慈善會,="40937601",臺南市
241,社團法人台灣動物輔助活動及治療協會,="916",台灣狗醫生,="14293533",臺北市
242,社團法人中華小腦萎縮症病友協會,="9972",企鵝家族,="13574872",臺北市
243,社團法人台灣八福無障礙生活發展協會,="858585",八福協會,="31826055",臺北市
244,財團法人法律扶助基金會,="8282",法扶會,="99624605",臺北市
245,財團法人愛家文化事業基金會,="27365",愛家基金會,="20099450",臺北市
246,台灣心境探索學會,="33299",,="26890289",雲林縣
247,台中市?明重建福利協會,="78585",,="26875359",臺中市
248,財團法人甘泉教育基金會,="520777",,="40912806",屏東縣
249,財團法人桃園市優勝地社會福利基金會,="5885",優勝地,="41125525",桃園市
250,社團法人高雄市脊髓損傷者協會,="59420",,="15756736",高雄市
251,社團法人高雄市野人教育與環保關懷協會,="7988",野人華德福,="47641414",高雄市
252,社團法人中華民國世天智教育學會,="8099",社團世天智,="41472019",新北市
253,社團法人台灣聯合動物公園協會,="666777",動物公園,="72966261",臺北市
254,財團法人好好好家庭教育文教基金會,="719",好好好,="17140005",臺北市
255,財團法人桃園市私立丞好家園,="3776371",丞好家園,="37763710",桃園市
256,社團法人監所關注小組,="009",,="75964625",臺北市
257,社團法人台灣親子共學教育促進會,="17988",親子共學,="37976903",新北市
258,高雄市自閉症協進會,="8585885",高市自閉症,="98582775",高雄市
259,社團法人中華慈雲慈善利生推廣協會,="991010",慈雲慈善,="26301038",臺北市
260,財團法人厚生基金會,="85988",厚生基金會,="01011244",臺北市
261,財團法人台南市私立荷園社會福利慈善事業基金會附設弘能家園,="7862290",弘能家園,="40934105",臺南市
262,臺南市安安社會福利發展協會,="888178",安安協會,="81939744",臺南市
263,財團法人臺中市私立種籽社會福利慈善事業基金會,="2888",種籽基金會,="38951161",臺中市
264,社團法人台灣國際勞工協會,="1218",TIWA,="17611552",臺北市
265,中華民國流浪天使護佑生命協會,="0824",流浪天使,="41453527",新北市
266,社團法人臺中市聽障體育運動協會,="538999",中聽體運協,="38998052",臺中市
267,台灣四面佛慈善協會,="1021109",四面佛協會,="41121892",新北市
268,財團法人報導者文化基金會,="2929",報導者,="42334269",臺北市
269,社團法人高雄市方舟就業服務協會,="3753073",方舟協會,="41285873",高雄市
270,社團法人中華長照協會,="178856",中華長照,="38455085",新北市
271,臺南市政府社會局委託財團法人高雄市私立典寶社會福利慈善事業基金會經營龍崎教養院,="9867",龍崎教養院,="81947322",臺南市
272,社團法人臺灣自閉兒家庭關懷協會,="338518",非愛不可,="47776989",臺東縣
273,台灣沐風關懷協會,="171720",台灣沐風,="82398696",臺中市
274,天主教靈醫會醫療財團法人,="520188",靈醫會,="72880953",宜蘭縣
275,中華鹽石國際愛蔓延協會,="7857289",SALT,="78572898",臺北市
276,社團法人中華原始佛教會,="2010",原佛會,="25694767",臺北市
277,財團法人高雄市私立小天使家園,="99818",小天使家園,="26418924",高雄市
278,財團法人基督教瑪喜樂社會福利基金會,="7699",瑪喜樂基金,="26953328",彰化縣
279,財團法人臺東縣私立家立立社會福利慈善事業基金會附設臺東縣私立哈拿之家,="2013888",哈拿,="40910434",臺東縣
280,社團法人宜蘭縣愛加倍關懷協會,="678",宜愛加倍,="26701885",宜蘭縣
281,財團法人金花教育基金會,="1468",MF,="41051468",宜蘭縣
282,社團法人臺中市視障者關懷協會,="955",中視協,="18429954",臺中市
283,財團法人台灣尤努斯基金會,="65447",台灣尤努斯,="42307143",臺北市
284,社團法人貓咪也瘋狂公益協會,="0404",貓瘋協會,="82194481",新北市
285,社團法人新北市汐止心汐止情慈善協會,="294542",,="72816931",新北市
286,社團法人苗栗縣苗北慈暉關懷協會,="450113",苗北慈暉,="72422752",苗栗縣
287,社團法人台灣宥青愛心關懷協會,="108525",宥青愛心,="81948672",屏東縣
288,社團法人台中市聾人協會,="993",台中聾協,="26829953",臺中市
289,社團法人屏東縣腦性麻痺服務協會,="0115",屏東腦麻,="47782390",屏東縣
290,社團法人台北市身心障礙競技運動協會,="8810",北身競運會,="88103332",臺北市
291,社團法人臺中市互惠愛心關懷協會,="885995",互惠愛心,="87015515",臺中市
292,臺灣山林復育協會,="5230",,="47564535",臺中市
293,社團法人中華虛空無極五母玉慈宮弘德慈善會,="53880",,="85820079",臺南市
294,唯愛公益協會,="5203399",唯愛公益,="87392931",桃園市
295,財團法人基督教宇宙光全人關懷機構,="276",宇宙光,="04176276",臺北市
296,財團法人開放文化基金會,="1989",開放文化,="38552170",臺北市
297,宜蘭縣蘭陽青年公益發展協會,="1699",蘭青公益,="31751462",宜蘭縣
298,社團法人新望全人關懷協會,="5201313",新望靈糧堂,="41273449",高雄市
299,社團法人中華心蓮心公益協會,="118",心蓮心,="31830678",臺北市
300,社團法人雅風汪喵浪浪中途照護安養協會,="56888",雅風汪喵,="72948861",臺北市
301,臺東縣無極慈母宮護持功德會,="0815",,="47773441",臺東縣
302,財團法人高禱屋,="247",高禱屋,="47641815",高雄市
303,社團法人台南市智障者福利家長協進會,="2070",台南市智協,="06476523",臺南市
304,社團法人台灣流浪貓關懷協會,="71706",流浪貓協會,="82171706",新北市
305,社團法人台灣菸害防制暨戒菸衛教學會,="1060106",菸害學會,="42520123",臺北市
306,財團法人看見．齊柏林基金會,="3952",看見齊柏林,="72954589",臺北市
307,社團法人台灣向愛發展協會,="8840",向愛發展,="88408587",臺中市
308,財團法人心覺醒文教基金會,="3877451",心覺醒基金,="38774519",臺中市
309,社團法人台灣浪愛不流浪關懷動物協會,="9458",浪愛不流浪,="87151573",南投縣
310,社團法人南投縣新媳婦關懷協會,="9420",南投新媳婦,="47385028",南投縣
311,財團法人天主教會嘉義教區附設嘉義縣私立敏道家園,="88742",敏道家園,="25869359",嘉義縣
312,財團法人瑪利亞社會福利基金會,="880",,="05557110",臺中市
313,財團法人伊甸社會福利基金會,="25885",伊甸基金會,="05200169",臺北市
314,社團法人世界和平會,="000",世界和平會,="18494032",臺北市
315,財團法人乳癌防治基金會,="7777",乳癌防治基,="20083773",臺北市
316,財團法人周大觀文教基金會,="525",周大觀,="83336277",新北市
317,財團法人臺雅國際慈善基金會,="095",臺雅國際,="42439974",臺北市
318,社團法人中華亞洲環境生態護育交流協會,="889",亞護會,="42401816",臺北市
319,社團法人中華基督教標竿全人關懷協會,="789",標竿教會,="38654275",臺北市
320,社團法人臺灣咪可思關懷流浪動物協會,="9905",咪可思協會,="72886653",新北市
321,財團法人花蓮縣蘇帆海洋文化藝術基金會,="148",蘇帆基金會,="31609450",花蓮縣
322,社團法人中華蓮花雨顯密佛學會,="04828",,="72961408",臺北市
323,社團法人臺灣圓愛全人關懷協會,="021314",圓愛全人,="45748621",臺中市
324,社團法人花蓮縣兒童暨家庭關懷協會,="522",兒家協會,="30139776",花蓮縣
325,社團法人中華安得烈慈善協會,="786",安得烈慈善,="26328803",新北市
326,臺北市藝術創作者職業工會,="0219",藝創工會,="26672798",臺北市
327,財團法人台灣兒童暨家庭扶助基金會桃園分事務所,="5900",桃園家扶,="73762194",桃園市
328,財團法人台灣肯納自閉症基金會,="1018",肯納園,="29249705",臺北市
329,台北市康復之友協會,="7017885",北市康,="21002905",臺北市
330,社團法人高雄市腦性痲痺服務協會,="29636",,="19903160",高雄市
331,財團法人婦女新知基金會,="3899",婦女新知,="00968178",臺北市
332,社團法人宜蘭縣渡安居女性關懷協會,="1011212",,="37948484",宜蘭縣
333,財團法人基隆市私立博愛仁愛之家,="699",博愛家園,="00820963",基隆市
334,社團法人高雄市唇顎裂顱顏協會,="4408520",,="08246718",高雄市
335,社團法人耆樂社會福利發展協會,="0685",耆樂,="72363162",彰化縣
336,臺中市沐風６０長者之愛關懷協會,="171760",沐風60,="47272397",臺中市
337,高雄市輔育人員職業工會,="3123",輔育工會,="15743352",高雄市
338,社團法人桃園市瑪潮關懷協會,="077",瑪潮,="37772892",桃園市
339,財團法人台中市傑人教育基金會,="1228",,="82525095",臺中市
340,台灣米樂流浪動物中途協會,="9925",米樂中途,="82545509",臺中市
341,社團法人中華立德慈善協會,="88762",中華立德,="38777614",彰化縣
342,財團法人臺南市私立樂活社會福利慈善事業基金會,="10888",樂活基金會,="81943851",臺南市
343,社團法人中華慈馨母娘信仰人文發展協會,="0718100",,="87546289",新竹縣
344,社團法人台灣懷孕婦女關懷協會,="7001",孕婦關懷會,="76346307",臺北市
345,台南市私立五甲教養院,="5259",五甲教養院,="17961972",臺南市
346,中華小馬少年籃球運動協會,="888888",小馬籃協,="37934329",臺中市
347,財團法人返老還童社會福利慈善事業基金會,="2088",返老還童社,="72787859",桃園市
348,台灣障礙女性平權連線,="1210",,="72958776",臺北市
349,社團法人國際直心道場功德會,="1666",,="82711443",高雄市
350,社團法人ＩＰＯＷＥＲ培力學社,="770885",,="72804695",新北市
351,社團法人臺南市天主教守護生命關懷協會,="04520",守護生命,="40930282",臺南市
352,社團法人台灣動物救援愛無界協會,="99669",愛無界協會,="88786434",臺南市
353,社團法人台灣婦女團體全國聯合會,="333",,="13527935",臺北市
354,財團法人臺北市失親兒福利基金會,="88472",,="48925889",臺北市
355,財團法人桃園市私立觀音愛心家園,="995",,="09682414",桃園市
356,財團法人苗栗縣私立幼安教養院,="2595",幼安教養院,="78548461",苗栗縣
357,財團法人臺灣更生保護會,="788595",,="04173475",臺北市
358,財團法人若竹兒教育基金會附設嘉義縣私立若竹兒智能發展中心,="064063",,="13278041",嘉義縣
359,財團法人心路社會福利基金會,="876",心路基金會,="00968326",臺北市
360,財團法人勵馨社會福利事業基金會,="9118595",,="00968923",新北市
361,財團法人台灣兒童暨家庭扶助基金會,="8585",家扶基金會,="52628812",臺北市
362,社團法人台北市視障者家長協會,="8899",北視家協,="19616651",臺北市
363,財團法人臺南市私立靜觀社會福利慈善事業基金會,="01818",靜觀基金會,="34983613",臺南市
364,社團法人台灣千里步道協會,="1000423",千里步道,="26778103",新北市
365,財團法人亞太心理腫瘤學交流基金會,="1029",心腫基金會,="02751436",新北市
366,財團法人樹和教育基金會,="005",,="39881283",臺中市
367,財團法人公共電視文化事業基金會,="52013",公共電視,="01012145",臺北市
368,社團法人臺灣葡萄園關懷協會,="17580",臺灣葡萄園,="42463312",臺北市
369,中華武學人文推廣協會,="5050520",武學人文會,="42545074",臺北市
370,臺灣童心創意行動協會,="2721",DFC臺灣,="26398814",臺北市
371,社團法人臺灣楓城泌尿學會,="2784",楓城泌尿,="38527026",臺北市
372,財團法人中華民國佛教慈濟慈善事業基金會,="779",,="94800552",花蓮縣
373,財團法人花蓮縣私立美崙?能發展中心,="823",美崙啟能,="19994083",花蓮縣
374,財團法人罕見疾病基金會,="9527",罕病基金會,="19340872",臺北市
375,社團法人雲林縣身心照護協會,="6565520",樂活家園,="45307194",雲林縣
376,台灣寶希望樹兒童協會,="288",台灣寶,="31886525",臺北市
377,社團法人台灣同志家庭權益促進會,="6878",同家會,="26331510",新北市
378,社團法人臺中市紅十字會,="4518",台中市紅會,="52000425",臺中市
379,財團法人台灣省私立香園紀念教養院,="3344",香園教養院,="00968888",新竹縣
380,社團法人台灣愛鄰社區服務協會,="2047",愛鄰協會,="18478878",臺北市
381,社團法人臺東縣南迴健康促進關懷服務協會,="9911",南迴協會,="36728032",臺東縣
382,社團法人花蓮縣谷若思全人關懷協會,="6711",谷若思,="31615621",花蓮縣
383,社團法人中華民國新生活社會福利發展促進會,="9997",新生活,="99970598",新北市
384,醫療財團法人好心肝基金會,="573",好心肝,="31913298",臺北市
385,社團法人陪伴者兒少生涯教育協會,="2631098",陪伴者協會,="26310986",臺北市
386,社團法人雲林縣身心障礙者重建協會,="5973551",希望工場,="45331265",雲林縣
387,社團法人台南市火炬勵進會,="081202",火炬勵進會,="06397210",臺南市
388,臺灣第六生態發展協會,="169",第六生態,="38527721",臺北市
389,社團法人高雄市野鳥學會,="2361086",高雄鳥會,="99736030",高雄市
390,社團法人台南市復健青年勵進會,="520888",復健會,="06641235",臺南市
391,基隆市公益關懷協會,="9168",公益關懷,="37962817",基隆市
392,財團法人普寶環境保護基金會,="3889",普寶基金會,="38896647",臺中市
393,社團法人臺南市承恩功德會,="1275",承恩功德會,="34987420",臺南市
394,社團法人中華仁親社區關懷協會,="8958",仁親協會,="26378958",新北市
395,中華動物希望協會,="520505",HAA,="42305222",臺北市
396,社團法人台灣為台灣而教協會,="747",為台灣而教,="38806174",臺中市
397,社團法人中華民國愛與希望協會,="9876",愛與希望,="31536464",新北市
398,中華同舟共濟服務社,="1970",中華同舟,="02900983",新北市
399,財團法人和氣大愛文教基金會,="2715",和氣大愛,="17870945",新北市
400,社團法人台灣微客公益行動協會,="103",微客公益,="31885477",新北市
401,社團法人台灣線上教育發展協會,="345",LIS,="42074741",臺北市
402,財團法人立信社會福利慈善事業基金會,="8088",立信基金會,="78964199",臺北市
403,台灣默行佛學發展協會,="989",默行,="72309914",臺中市
404,社團法人中華生命無懼關懷協會,="701785",生命無懼,="42460552",臺北市
405,台灣莉丰慧民Ｖ關懷動物協會,="999179",莉丰慧民V,="50597567",宜蘭縣
406,財團法人台中市私立慈光社會福利慈善事業基金會附設台中市私立慈馨少年家園,="1177",慈馨少年家,="47593927",臺中市
407,社團法人台灣四十分之一移工教育文化協會,="5942140",,="42366634",臺北市
408,基隆市彩虹護生協會,="52999",基隆林媽媽,="26683943",基隆市
409,社團法人台灣動物平權促進會,="5205",動平會,="01896096",新北市
410,社團法人台灣選擇性緘默症協會,="9785",選緘協會,="42553469",臺北市
411,財團法人台北市基督教救世傳播協會,="9494",,="03736906",臺北市
412,社團法人桃園市桃園愛鄰全人關懷協會,="707",愛鄰協會,="41470271",桃園市
413,社團法人台灣凝愛關懷弱勢協會,="2666",凝愛協會,="41267431",高雄市
414,台灣吉娃娃長期照顧協會,="7278294",吉娃娃協會,="72782947",桃園市
415,財團法人屏東縣私立椰子園老人養護之家,="88520",椰子園老人,="20266034",屏東縣
416,財團法人嘎檔巴佛教基金會,="2639407",kdp,="26394079",臺北市
417,社團法人臺灣嚮光協會,="101010",嚮光協會,="38634481",臺北市
418,社團法人花蓮縣得力青少年與兒童家庭關懷協會,="8547809",得力協會,="31633058",花蓮縣
419,社團法人台灣食物銀行聯合會,="5245",聯合會,="72432323",臺中市
420,台灣視多障協會,="5413",,="82534897",臺中市
421,社團法人中華民國全球關懷長期照顧協會,="178585",,="81945605",臺南市
422,社團法人中華民國視障愛心協會,="0852",視障愛心,="31512982",新北市
423,台灣身心障礙者自立生活聯盟,="5141",自立生活盟,="73629056",臺北市
424,社團法人臺中市義愛文化培育協會,="12520",義愛,="39900182",臺中市
425,社團法人動物力量價值促進協會,="56178",動物力量,="85302272",新北市
426,財團法人仲祥社會福利慈善事業基金會,="2600",仲祥基金會,="15737817",臺北市
427,社團法人拼圖喵生命平權推廣協會,="17266",拼圖喵,="85288855",新北市
428,社團法人台灣重新思考環境教育協會,="8787",重新思考,="72157711",新北市
429,社團法人高雄市慈悅書院文教發展學會,="1090104",慈悅書院,="85529974",高雄市
430,社團法人台灣扶鷹關懷協會,="8964",幫助弱勢,="76310814",臺北市
431,財團法人臺北市喜樂家族社會福利基金會,="5291",喜樂家族,="31840958",臺北市
432,社團法人中華民國希望公園關懷協會,="5209999",希望公園,="38483385",臺北市
433,社團法人中華親善動物保護協會,="4312",中華動保,="37976707",新北市
434,社團法人新北市幸福天使促進協會,="317272",,="31727246",新北市
435,財團法人臺北市小愉兒社會福利基金會,="69836",小愉兒,="42548918",臺北市
436,財團法人夢蓮花文化藝術基金會,="3848",夢蓮花,="38486741",臺北市
437,財團法人育田社會福利慈善基金會,="5826",育田基金會,="02924465",桃園市
438,社團法人金門縣生命線協會,="195",金門生命線,="41232834",金門縣
439,台灣創愛社會關懷協會,="9416888",台灣創愛,="91147138",宜蘭縣
440,社團法人台灣潤群協會,="5267",潤群協會,="31815894",臺北市
441,臺灣雙語無法黨,="119119",臺灣雙語黨,="77551889",臺北市
442,財團法人台北市私立愛愛院,="5208",私立愛愛院,="03772402",臺北市
443,中華民國善天救助弱勢慈善協會,="1919",善天,="26043709",臺南市
444,社團法人台灣防止虐待動物協會,="1772",TSPCA,="26828032",臺北市
445,財團法人台東縣私立台東仁愛之家,="227592",仁愛之家,="08108996",臺東縣
446,社團法人浪浪的後盾協會,="9427",浪浪的後盾,="72374225",臺中市
447,台灣禪定教育協會,="1209",禪定教育,="82334315",新北市
448,社團法人新北市視障愛心協會,="0122",新北市視障,="42216642",新北市
449,財團法人福智文教基金會,="1357",福智文教,="20089495",臺北市
450,財團法人台北市雨揚慈善基金會,="17688",一起來幫幫,="31920447",臺北市
451,社團法人台灣社區互助照顧行動協會,="17958",托育聯盟,="37667385",屏東縣
452,社團法人愛最大慈善光協會,="179958",愛最大,="76325345",臺北市
453,社團法人台灣冤獄平反協會,="559",,="37772984",臺北市
454,財團法人腦性麻痺基金會,="770880",腦麻基金會,="41705426",桃園市
455,財團法人天主教會台中教區附設台中市私立慈愛智能發展中心,="213",慈愛中心,="45402155",臺中市
456,中華民國新生活教育推廣協會,="854",新生活協會,="37981862",花蓮縣
457,社團法人彰化縣戀戀半線失智協會,="3035",,="38975804",彰化縣
458,社團法人高雄市傳愛協會,="1780",傳愛協會,="41279339",高雄市
459,社團法人中華正教會,="325",中華正教會,="42398306",臺北市
460,台灣事故傷害預防與安全促進學會,="0456",,="19328954",臺北市
461,社團法人白玉功德會,="888999",白玉功德會,="38955309",高雄市
462,台灣流浪動物森林之家尊生會,="109620",森林之家,="42471235",臺北市
463,社團法人台灣愛希望兒童關懷發展協會,="3331118",台灣愛希望,="47711500",高雄市
464,社團法人長期照顧協會,="2196",,="42542196",臺北市
465,社團法人台灣石虎保育協會,="94215",石虎協會,="72594142",苗栗縣
466,社團法人中華民國人類真相推廣協會,="0288",人類真相,="31924083",臺北市
467,財團法人佛教大華嚴寺,="52888",大華嚴寺,="47444820",南投縣
468,財團法人雲林縣私立長愛家園育幼院,="448520",長愛家園,="82482589",雲林縣
469,大稻埕國際藝術節工作室,="192000",,="75986418",臺北市
470,財團法人高雄市毒品防制事務基金會,="51755",毒防基金會,="72301384",高雄市
471,社團法人台灣視障慈善協會,="03537",社台視慈善,="47226514",臺中市
472,社團法人中華基督教忠山關懷協會,="00000",基督教忠山,="76701777",臺北市
473,社團法人宜蘭縣福氣家族公益協會,="2021",福氣家族,="72882039",宜蘭縣
474,財團法人臺中市私立好耆老人長期照顧中心（養護型）,="197",好耆長照,="47578094",臺中市
475,社團法人宜蘭縣非營利組織聯盟,="1616888",NPOU,="31610999",宜蘭縣
476,財團法人天主教靈醫會私立聖嘉民?智中心,="57880",聖嘉民啟智,="66253259",宜蘭縣
477,社團法人臺灣雷特氏症病友關懷協會,="6377",蕾雷家族,="38621084",高雄市
478,福智學校財團法人,="1025",福智,="39892578",雲林縣
479,社團法人高雄市大寮區愛家園協會,="23344",大寮愛家園,="47621753",高雄市
480,社團法人中華民國廣慈觀音慈善協會,="619",廣慈觀音,="72763913",新北市
481,社團法人台灣無毒世界協會,="534",無毒協會,="47709666",高雄市
482,財團法人台中市私立慶炎慈善會,="6023",,="52356023",臺中市
483,財團法人天主教耶穌會台北新事社會服務中心,="102",新事社服,="97981227",臺北市
484,財團法人臺北市志玲姊姊慈善基金會,="5270",志玲姊姊,="26390670",臺北市
485,社團法人花蓮縣生命線協會,="1995520",,="67779555",花蓮縣
486,社團法人中華民國消防員工作權益促進協會,="99119",消促會,="41126334",臺北市
487,社團法人台灣永社,="121225",台灣永社,="31934385",臺北市
488,社團法人臺灣公民對話協會,="8813",多多益善,="78741711",臺北市
489,臺南市自然生態產業發展協會,="8519",自然生態,="85684932",臺南市
490,自由台灣黨,="150501",自由黨,="42309563",臺北市
491,財團法人臺中市私立卿雲慈善基金會,="10111",卿雲基金會,="39799587",臺中市
492,社團法人台灣光源全人關懷協會,="2222222",光源協會,="88037283",高雄市
493,財團法人南投縣永山宮,="2255548",永山宮,="39757670",南投縣
494,社團法人中華六藝文化生活協會,="642856",,="47642856",高雄市
495,財團法人中良九天教育基金會,="71999",中良九天,="47614795",臺中市
496,社團法人彰化縣馨滋關懷協會,="7514880",馨滋協會,="82546802",彰化縣
497,社團法人國際技能發展協會,="3345678",,="73719850",臺北市
498,財團法人新竹市杜華神父社會福利基金會,="373",杜華社福,="87529562",新竹市
499,社團法人中華民國崇善社會福利協會,="12468",崇善,="82212468",新北市
500,社團法人國際黃金時代新文化推廣協會,="144000",,="72643805",新北市
501,社團法人辰光行善協會,="2517",辰光,="85277225",桃園市
502,社團法人台灣動物保護法律研究協會,="9528",動保法研,="88099528",臺北市
503,財團法人基督教聖道兒少福利基金會,="1706",聖道基金會,="26304653",臺北市
504,社團法人好好愛牠協會,="2181",好好愛牠,="91347939",新北市
505,社團法人台灣王荷世界心性教育學會,="56789",王荷世界,="36866668",臺南市
506,社團法人中華民國寵物友善協會,="52982",寵物友善,="26399031",臺北市
507,財團法人桃園市善水慈善文教基金會,="149",善水基金會,="37980245",桃園市
508,社團法人中華基督教興起先鋒教會,="1011124",,="81498970",臺東縣
509,社團法人全球小紅帽協會,="247284",小紅帽,="87527396",新北市
510,極樂寺,="2939999",極樂寺,="10409505",臺南市
511,財團法人天主教會嘉義教區附設雲林縣私立華聖?能發展中心,="520770",華聖家園,="98666726",雲林縣
512,社團法人臺北市接觸點社區關懷協會,="5837",接觸點,="31898894",臺北市
513,社團法人台灣動物社會研究會,="677677",動研會,="17874983",新北市
514,臺灣客家語言文化農業推廣協會,="9933",臺灣客家語,="31634015",新北市
515,社團法人台灣交通文化資產保存學會,="1024",THT,="72855650",新北市
516,財團法人高雄市私立紅十字會育幼中心慈暉園,="81168",慈暉園,="21909909",高雄市
517,財團法人天主教靈醫會,="1230",,="66252879",宜蘭縣
518,社團法人高雄市社區發展促進會,="0178",高促會,="81084633",高雄市
519,社團法人臺灣學生聯合會,="2019401",臺學聯,="77365739",臺北市
520,高雄市社會工作人員職業工會,="34916",高社工工會,="69807178",高雄市
521,社團法人中華愛心全人關懷慈善會,="777520",愛心慈善會,="87357857",新北市
522,財團法人門諾社會福利慈善事業基金會,="5260",門諾基金會,="20009253",花蓮縣
523,社團法人臺東縣自閉症協進會,="3685",臺東縣自閉,="36857725",臺東縣
524,社團法人台東縣原住民族全人發展關懷協會,="089",全人,="99207242",臺東縣
525,社團法人中華金龍醫濟學甲功德會,="3999",醫濟學甲,="41452512",臺北市
526,財團法人臺北市鼎愛慈善事業基金會,="520880",鼎愛基金會,="72939547",臺北市
527,財團法人天祥宇宙聖道基金會,="1156",天祥聖道,="72141520",高雄市
528,社團法人中華民國扶弱成長協會,="6112",中華扶弱,="82572483",臺中市
529,社團法人台灣再生能源推動聯盟,="3650422",,="42221005",新北市
530,信義醫療財團法人,="1231",高基,="81054342",高雄市
531,社團法人台灣視覺希望協會,="730",視望會,="42323740",臺北市
532,天主教若瑟醫療財團法人,="8864",若瑟醫院,="74858719",雲林縣
533,中華家庭教育與權益促進協會,="972",家庭協會,="72743115",桃園市
534,財團法人歐旻慈善基金會,="1173",歐旻慈善,="26319678",臺北市
535,社團法人高雄市善馨慈善會,="00001",善馨慈善會,="82726889",高雄市
536,社團法人澎湖縣身心障礙者服務協會,="52880",澎身協,="40840769",澎湖縣
537,社團法人社會永續發展推廣協會,="7632",永續發展,="76329031",臺北市
538,社團法人臺灣野灣野生動物保育協會,="7495",野灣,="81148165",臺東縣
539,社團法人愛的延續公益協會,="149131",愛的延續,="82341603",新北市
540,臺東縣同寮協會,="94089",同寮協會,="85739654",臺東縣
541,台灣希望之芽協會,="1219",希望之芽,="26044051",高雄市
542,社團法人苗栗縣身心障礙者多元就業促進協會,="1288",身障促進會,="39853744",苗栗縣
543,財團法人台北市光智社會事業基金會,="88740",光智基金會,="14102703",臺北市
544,中華民國老年勞工關懷互助協會,="205",老工協,="42187858",桃園市
545,社團法人高雄市肢體障礙協會,="6868",折翼天使,="99394694",高雄市
546,社團法人新北市樂窩社區服務協會,="171788",樂窩,="82244258",新北市
547,屏東縣城市福音全人關懷協會,="1080427",城市福音,="81946421",屏東縣
548,財團法人屏東縣私立福慧社會福利慈善事業基金會附設大同之家,="111222",大同之家,="09121672",屏東縣
549,社團法人台灣護家協會,="300",護家協會,="40777631",臺南市
550,台灣鬆獅救援協會,="9520",鬆獅協會,="42298995",臺北市
551,財團法人海洋公民基金會,="991",海洋公民,="37738305",澎湖縣
552,財團法人屏東縣私立畢嘉士社會福利基金會,="17178",畢嘉士,="37635574",屏東縣
553,財團法人台北市如新善的力量慈善基金會,="201210",善的力量,="38483049",臺北市
554,社團法人台灣腎貓協會,="0811",腎貓協會,="42521707",臺北市
555,財團法人天主教華光社會福利基金會附設由根山居,="8690",由根山居,="31532690",新竹縣
556,中華民國珍珠社會福利服務協會,="245869",珍珠協會,="72562676",苗栗縣
557,社團法人釣魚台教育協會,="29041",,="42547805",臺北市
558,社團法人中華小兔子新生命協會,="88510",小兔子,="85288150",新北市
559,社團法人台灣創新棒球協會,="052019",創新棒球,="73721194",臺北市
560,觀心文化教育推廣協會,="0909",觀心文教,="82392258",彰化縣
561,台灣青拾穗服務協會,="7018",青拾穗,="81661352",屏東縣
562,財團法人人本教育文教基金會,="31809",人本教育,="01009704",臺北市
563,社團法人台灣愛田關懷協會,="941",愛田協會,="42214243",新北市
564,社團法人中華民國亞杜蘭關懷協會,="106",亞杜蘭協會,="42218986",新北市
565,社團法人科技創意發明教育學會,="3888",科創育,="47308894",臺中市
566,社團法人嘉義市新世界自立生活協會,="3698315",新世界自立,="40786456",嘉義市
567,苗栗縣關懷弱勢協會,="600101",,="47241297",苗栗縣
568,社團法人台灣多元社會福利協會,="8000",多福協會,="42529671",臺北市
569,財團法人桃園市藍迪基金會,="500500",藍迪基金會,="40966680",桃園市
570,財團法人慈濟傳播人文志業基金會,="9997161",慈濟大愛台,="99971610",臺北市
571,社團法人新北市身心障礙者體育運動總會,="1700",一起動動,="72613921",新北市
572,社團法人台灣新巨輪服務協會,="10179",新巨輪,="50724043",新北市
573,社團法人台灣基督教社會關懷協會,="8596",夢想加油站,="26887974",臺中市
574,社團法人中華熱心發展協會,="7609",,="72957609",臺北市
575,財團法人新北市私立八方雲集社會福利慈善事業基金會,="8098898",八方雲集,="31614849",新北市
576,沙爾德聖保祿修女會醫療財團法人,="386",聖保祿醫院,="43610306",桃園市
577,社團法人中華民國保護動物協會,="7299",永遠愛動物,="04861698",臺北市
578,財團法人介惠社會福利慈善基金會,="05178",介惠基金會,="01050111",新北市
579,社團法人中華民國喜願協會,="2656",喜願協會,="18486737",臺北市
580,財團法人台灣關愛基金會,="2597885",關愛基金會,="26396415",臺北市
581,社團法人台灣法爾禪修中心學會,="82168",法爾學會,="26334381",臺北市
582,社團法人台灣住宅品質消費者保護協會,="17288",住宅消保會,="26663496",新北市
583,社團法人台灣城鄉永續關懷協會,="5880520",小草書屋,="42062415",新北市
584,社團法人台灣也思服務學習協會,="1414",,="31988924",臺北市
585,社團法人台灣多重障礙兒童暨家長關懷協會,="9908",,="26659107",新北市
586,財團法人台灣行善文化藝術基金會,="8885",,="82373386",臺中市
587,高雄市流浪動物心幸福協進會,="17298",南部阿毛,="47643074",高雄市
588,台灣非營利組織產業工會,="0128",NGO工會,="72967677",臺北市
589,社團法人臺灣青年民主協會,="70179",青民協,="73705574",臺北市
590,全齡樂遊健康促進發展協會,="2289184",全齡樂遊,="85365156",桃園市
591,中華民國腦性麻痺協會,="885885",中華腦麻,="77126822",臺北市
592,財團法人天主教會新竹教區附設苗栗縣私立聖家?智中心,="5566",竹南聖家,="78952644",苗栗縣
593,財團法人臺中市私立肯納自閉症社會福利基金會,="5272",台中肯納,="39733896",臺中市
594,社團法人台灣圓道佛教文化交流協進會,="7117",圓道禪院,="26059743",高雄市
595,社團法人台灣酷兒權益推動聯盟,="5874",酷兒盟,="41121387",新北市
596,社團法人中華民國微光社會福利協會,="2999",微光社福協,="02764431",桃園市
597,社團法人中華民國銀髮慈善協會,="8341",銀髮長照,="41419330",新北市
598,社團法人宜蘭縣安安慢飛天使家庭關懷協會,="5280",安安慢飛,="26673706",宜蘭縣
599,財團法人彰化縣私立信星集團愛星社會福利慈善事業基金會,="01170",愛星基金會,="47283943",彰化縣
600,社團法人台灣樂知公益慈善協會,="81864",樂知公益,="82156037",新北市
601,財團法人新時代賽斯教育基金會,="2075",賽斯基金會,="45623214",臺中市
602,財團法人天主教會花蓮教區附設花蓮縣私立安德怡峰園,="8861015",安德怡峰園,="85287379",花蓮縣
603,社團法人臺灣感染誌協會,="987",臺灣感染誌,="76314207",臺北市
604,社團法人台灣無條件基本收入協會,="10000",UBITW,="74342501",臺北市
605,社團法人台灣帕德魅迪克國際救護發展協會,="1090818",帕德魅迪克,="88037919",高雄市
606,社團法人屏東縣向陽康復之友協會,="917",向陽康復,="36757514",屏東縣
607,高雄市衡山靈性學術服務協會,="6002",衡山協會,="82705441",高雄市
608,社團法人臺南市以恩關懷協會,="1010",以恩協會,="34979759",臺南市
609,財團法人台東縣私立天主教聖十字架瑪利德蘭社會福利基金會,="721",瑪利德蘭,="34997721",臺東縣
610,台灣焦點通訊社,="1968",焦點事件,="42406930",臺北市
611,財團法人台北市任兆璋修女林美智老師教育基金會,="1728",任林基金會,="13537146",臺北市
612,社團法人台灣逆轉聯盟協會,="0517",逆轉聯盟,="47463760",高雄市
613,社團法人台灣神經母細胞瘤病友關懷協會,="101630",神母關懷,="37824998",新北市
614,臺南市政府社會局,="1314888",台南社會局,="36724676",臺南市
615,財團法人新北市私立紫蓮慈善事業基金會,="9292",紫蓮基金會,="85279379",新北市
616,財團法人臺北市林思宏Ｘ５醫師慈善基金會,="00005",X5基金會,="77603660",臺北市
617,財團法人臺中市雲田社會福利慈善事業基金會,="5889",雲田基金會,="88461858",臺中市
618,財團法人海濤慈悲基金會,="0722",海濤基金會,="82290999",新北市
619,嘉義縣私立大林教養院,="168888",大林教養院,="29443617",嘉義縣
620,社團法人台灣橄欖園關懷協會,="222",橄欖園,="36761664",臺南市
621,財團法人城邦文化藝術基金會,="117",城邦基金會,="48772440",臺北市
622,社團法人中華民國白玫瑰社會關懷協會,="925",白玫瑰協會,="31814375",臺北市
623,財團法人私立台東基督教阿尼色弗兒童之家附設南投家園,="6811",南投家園,="39884177",南投縣
624,中華民國癌病腫瘤患者扶助協會,="6088",癌扶協會,="41474184",新北市
625,中華ＩＰＯＷＥＲ關懷協會,="7313",中華關懷,="41498186",新北市
626,高雄市國際瑜珈培訓協會,="0000001",國際瑜珈,="47642357",高雄市
627,社團法人屏東縣大願心意關懷協會,="7971151",大願心意,="37696918",屏東縣
628,社團法人臺灣兒童健康暨身心發展協會,="020518",囝仔未來,="72587727",臺中市
629,財團法人環境權保障基金會,="125",環權會,="42479519",臺北市
630,社團法人中華民國身障關懷協會,="8850",身障寶寶,="26399996",臺北市
631,社團法人台灣同行者互助協會,="966",同行者,="72774806",臺北市
632,國立臺北大學社會學系系友會,="4321",北大社會,="50596954",新北市
633,社團法人彰化縣樂說多元專業服務發展協會,="7221120",,="38903437",彰化縣
634,財團法人台南市私立小北社會福利慈善事業基金會,="004",小北基金會,="37601645",臺南市
635,財團法人台灣兒童暨家庭扶助基金會附設台中市私立家扶發展學園,="7885",台中發展,="17721306",臺中市
636,社團法人高雄市聲暉協會,="775885",,="08223840",高雄市
637,社團法人台灣之心愛護動物協會,="978",台灣之心,="39854259",臺中市
638,財團法人林業生社會福利慈善事業基金會,="24013",林業生,="21482469",臺中市
639,社團法人台灣基地協會,="1069",基地協會,="39880587",臺中市
640,社團法人台灣世界耕義會,="977",耕義會,="38957708",臺中市
641,社團法人台灣愛分享公益慈善會,="708858",愛分享,="38592834",臺北市
642,臺中市歐啦身心健康關懷協會,="609",歐啦,="39021411",臺中市
643,社團法人中華身心障礙者職業技藝協會,="323",,="81592150",臺北市
644,社團法人臺灣巴克動物懷善救援協會,="1717999",巴克動協,="50724727",臺北市
645,社團法人台灣社會發展推動協會,="168999",,="31815487",臺北市
646,社團法人臺東縣弱勢者關懷協會,="55555",弱勢協會,="36875224",臺東縣
647,財團法人臺北市無子西瓜社會福利基金會,="2399",無子基金會,="26322786",臺北市
648,財團法人願成教育基金會,="181",願成基金會,="82318618",新北市
649,社團法人台北市聖文生善會,="0423",聖文生善會,="76342843",臺北市
650,社團法人高雄市普行慈善會,="88585",普行慈善會,="81130329",高雄市
651,社團法人台灣樂作創益協會,="658",樂作創益,="82328566",桃園市
652,財團法人董氏基金會,="531",董氏基金會,="14104483",臺北市
653,社團法人臺中市橋烽關懷生命協會,="70999",臺中市橋烽,="38998068",臺中市
654,財團法人成長文教基金會,="198",成長,="20088926",臺北市
655,社團法人臺灣外籍工作者發展協會,="1955",GWO協會,="31975596",臺北市
656,社團法人台灣球芽棒球發展協會,="5216",球芽基金,="42484040",臺北市
657,社團法人台灣超越巔峰關懷癲癇聯盟,="1835",癲癇聯盟,="02530434",新北市
658,財團法人方興中馬匹輔學健康社福基金會,="898",,="82170988",桃園市
659,社團法人中華民國等家寶寶社會福利協會,="5288",,="75972723",臺北市
660,財團法人臺灣刺蝟照護推廣協會,="52413",,="85291731",桃園市
661,社團法人臺灣暖心全人關懷協會,="13580",暖心協會,="88124809",臺北市
662,財團法人高雄市私立基督教山地育幼院,="6891054",六龜育幼院,="07887101",高雄市
663,財團法人台灣醫療改革基金會,="17999",醫改會,="13992411",臺北市
664,社團法人台灣無著公益服務協會,="5924",無著公益,="41351090",高雄市
665,社團法人臺灣志工盟協會,="1799082",志工盟,="41337909",高雄市
666,財團法人人壽保險文教基金會,="17888",一銅聚愛心,="38649344",臺北市
667,財團法人新北市私立瑤華仙主社會福利慈善事業基金會,="9922",瑤華仙主,="50685674",新北市
668,桃園縣反詐騙暨婦幼關懷聯盟會,="9097",婦幼協會,="41142566",桃園市
669,社團法人中華公民人權協會,="3500328",,="39717066",高雄市
670,社團法人中華大腳印關懷協會,="7367517",大腳印,="73675179",臺北市
671,社團法人高雄市身心障礙者技能發展協會,="9480",高身障技能,="36975574",高雄市
672,社團法人台灣懷慈人本發展協會,="834",,="81674568",屏東縣
673,財團法人天主教單國璽弱勢族群社福基金會,="8822",單國璽,="36993025",高雄市
674,社團法人中宣社會福利發展協會,="99555",搶救火中柴,="26663664",桃園市
675,社團法人中華道家人文協會,="2688",道家人文,="26682579",新北市
676,中華民國聾人協會,="330520",聾人協會,="00988511",臺北市
677,社團法人臺中市線上家教促進協會,="22055",AAOT,="39718733",臺中市
678,中華跨境流通孵化育成協會,="4566",跨境流通孵,="42454566",臺北市
679,社團法人台灣大心社會福利協會,="7025",台灣大心,="42092585",桃園市
680,社團法人中華民國阿彌陀佛關懷協會,="17952",ACC,="48906187",臺北市
681,社團法人中華民國百揚愛心協會,="17995",百揚愛心,="02914749",桃園市
682,社團法人高雄市樂齡照顧關懷協會,="3696459",樂齡,="36964598",高雄市
683,社團法人台灣義築協會,="8507",義築協會,="02935462",新竹市
684,社團法人新北市基督教樹林靈糧堂福音協會,="0065",樹林靈糧堂,="87343355",新北市
685,台灣善種籽志工協會,="0624",台灣善種籽,="87548006",新北市
686,社團法人台灣輔文社會文化關懷協會,="1752",台灣輔文,="88169946",臺北市
687,社團法人高雄市弱勢家庭之友慈善協會,="8943",弱勢之友,="41278943",高雄市
688,財團法人崔媽媽基金會,="17864",,="18035255",臺北市
689,社團法人台灣瑪莉愛狗協會,="17299",,="41496151",新北市
690,中華身障體育運動協會,="17010",,="38521515",臺北市
691,財團法人嚴淨菩提教育基金會,="3577",嚴淨菩提,="10967536",臺中市
692,財團法人台灣兒童暨家庭扶助基金會馬祖分事務所,="035",馬祖家扶,="42223257",連江縣
693,真武山受玄宮,="153153",真武山受玄,="31764240",新北市
694,社團法人台灣怡心寶貝社群協會,="7770",怡心寶貝,="82717729",高雄市
695,財團法人親愛音樂文化基金會,="72520",親愛,="82509068",南投縣
696,社團法人臺灣自心愛護動物協會,="58178",,="87427951",新北市
697,中華大家功德會,="999999",大家功德會,="39879054",臺中市
698,中華民國慈恩慈善會,="9818",慈恩慈善會,="26772987",花蓮縣
699,台灣狗腳印幸福聯盟,="591",狗腳印,="39958753",桃園市
700,財團法人雲英青年發展基金會,="70589",雲英基金會,="31923155",臺北市
701,財團法人高雄市私立希恩之家,="88710",希恩之家,="41343368",高雄市
702,社團法人中華民國遺產暨保險金捐贈慈善會,="0001",捐贈慈善會,="42228020",桃園市
703,社團法人桃園市赤子心過動症協會,="2266",桃赤心,="42163048",桃園市
704,財團法人大二結文化基金會,="1680",大二結,="26716183",宜蘭縣
705,財團法人基隆市私立擁恆社會福利慈善事業基金會,="2889306",擁恆基金會,="02889306",基隆市
706,財團法人新北市樹林基督長老教會,="3413",樹林長老會,="34400336",新北市
707,社團法人溪水藝術關懷發展協會,="2018228",溪水藝術,="82368378",臺中市
708,財團法人桃園市幸福社會福利基金會,="1775",幸福基金會,="50694076",桃園市
709,財團法人慈心有機農業發展基金會,="123456",慈心有機,="20088989",臺北市
710,社團法人中華民國快樂學習協會,="521171",,="31937762",臺北市
711,社團法人台灣綠能公益發展協會,="5224",,="73712977",臺北市
712,財團法人基督教論壇基金會,="59214",論壇報,="00965377",臺北市
713,社團法人中華民國旭日青少年發展協會,="957582",旭日學園,="47576722",臺中市
714,中華分享愛大善急助協會,="8234",分享愛,="82340647",新北市
715,財團法人宜蘭縣私立蘭馨婦幼中心,="235",蘭馨,="19324774",宜蘭縣
716,社團法人台灣伴侶權益推動聯盟,="178",伴侶盟,="31899351",臺北市
717,社團法人臺中市動靜皆宜童軍發展協會,="8623",,="38808623",臺中市
718,社團法人台灣諾亞方舟動物同樂協會,="5269",諾亞方舟,="38599864",臺北市
719,社團法人臺北市毛小孩幸福聯盟協會,="99891",狗狗巴豆腰,="38626905",臺北市
720,社團法人臺中市好民文化行動協會,="0320",,="47559131",臺中市
721,社團法人中華民國薄荷關懷協會,="1535",薄荷關懷,="82195587",新北市
722,國際創新發明聯盟總會,="000000",國際創新發,="72964708",臺北市
723,全國教師工會總聯合會,="7894",全教總,="26377894",臺北市
724,臺南市柚城心智關懷協會,="17818",柚城協會,="85746276",臺南市
725,社團法人屏東縣家庭支持協會,="7336158",家支協會,="85739325",屏東縣
726,天主教花蓮教區醫療財團法人,="322833",台東聖母,="36784441",臺東縣
727,社團法人高雄市向陽自立生活協會,="954846",向陽,="36954846",高雄市
728,社團法人台灣蠻野心足生態協會,="230",蠻野心足,="99361075",臺北市
729,財團法人主婦聯盟環境保護基金會,="201314",主婦聯盟,="01009232",臺北市
730,財團法人脊髓損傷社會福利基金會,="1050",脊損基金會,="31826674",臺北市
731,社團法人台灣失智症協會,="5380",TADA,="14915568",臺北市
732,社團法人中華民國視障者家長協會,="5959",中視家協,="26385959",臺北市
733,社團法人台灣猛禽研究會,="261",猛禽會,="13545173",臺北市
734,社團法人新北市湧泉社會服務協會,="5071",新北湧泉,="50717107",新北市
735,社團法人高雄市聖觀宮善心協會,="624",聖觀宮,="82723905",高雄市
736,財團法人新漾基金會,="0752",新漾基金會,="31922705",臺北市
737,社團法人台灣本土文化推廣發展協會,="011",本土文化,="88101524",臺北市
738,社團法人無礙玩家生活關懷協會,="666520",無礙玩家,="85756870",屏東縣
739,方舟協會,="1119",方舟協會,="72967796",臺北市
740,社團法人臺灣薯山慈善會,="5358",薯山慈善會,="82244285",臺北市
741,社團法人台灣同伴動物扶助協會,="52937",TCASA,="39915621",臺中市
742,財團法人台南市樂扶社會福利慈善事業基金會,="0800",樂扶基金會,="40765190",臺南市
743,社團法人臺北市臻佶祥社會服務協會,="1030312",,="38547331",臺北市
744,財團法人孩子的書屋文教基金會,="17258",孩子的書屋,="40927478",臺東縣
745,社團法人嘉義縣慈善團體聯合協會,="3622123",嘉義慈協,="36767301",嘉義縣
746,財團法人高雄市郭吳麗珠社會福利慈善事業基金會,="1217",,="26078489",高雄市
747,社團法人臺中市斗蓬貓救援協會,="958958",斗篷貓,="82396613",臺中市
748,社團法人台灣浪浪幫客協會,="1798",浪浪幫客,="82555323",臺中市
749,社團法人臺南市徐園長護生協會,="529999",徐園長,="47754182",臺南市
750,財團法人台灣省私立八德殘障教養院,="920",八德教養院,="43720839",桃園市
751,財團法人愛盲基金會,="5880",愛盲基金會,="77124795",臺北市
752,社團法人南投縣脊髓損傷者協會,="945",,="77393138",南投縣
753,財團法人褔建更生保護會,="4416518",福建更保會,="77355676",金門縣
754,社團法人南投縣智障者家長協會,="5098",南投智協,="77394988",南投縣
755,財團法人苗栗縣私立新苗教養院,="257885",新苗,="20374792",苗栗縣
756,社團法人基隆市智障者家長協會,="76885",基隆智協,="60395219",基隆市
757,社團法人基隆市脊髓損傷者協會,="8858",,="95926558",基隆市
758,中華民國多加幸福婚姻促進協會,="2080",多加幸福,="95946457",桃園市
759,財團法人台灣兒童暨家庭扶助基金會新北市分事務所,="378585",新北市家扶,="67774263",新北市
760,財團法人桃園市私立庭芳?智教養院,="188",庭芳教養院,="73765538",桃園市
761,社團法人中華民國得勝者教育協會,="520080",得勝者,="87875795",臺北市
762,新埔福德祠,="9581",新埔福德祠,="95818973",臺中市
763,社團法人台灣關懷地中海型貧血協會,="2529",地貧協會,="95823336",臺中市
764,戴德森醫療財團法人,="6601",嘉基,="66012007",嘉義市
765,社團法人台中市基督教青年會,="1844",,="52202689",臺中市
766,財團法人臺灣省私立臺中仁愛之家,="2222",,="52016600",臺中市
767,社團法人台灣盲人福利協進會全國總會,="886",台灣盲總,="52014167",臺中市
768,社團法人屏東縣自閉症協進會,="7351024",屏東自閉症,="97951531",屏東縣
769,財團法人台灣兒童暨家庭扶助基金會台南市北區分事務所,="2085",北台南家扶,="72196828",臺南市
770,社團法人臺南市大臺南生命線協會,="7301995",生命線協會,="72222537",臺南市
771,財團法人台灣兒童暨家庭扶助基金會台中市北區分事務所,="024",家扶中心,="55937349",臺中市
772,財團法人台灣省私立永信社會福利基金會,="982",永信社福,="56627997",臺中市
773,財團法人台灣省私立鴻佳?能庇護中心,="252999",鴻佳,="56969810",臺南市
774,社團法人台南市盲人福利協進會,="211",南盲,="69877173",臺南市
775,社團法人中華民國基督教女青年會協會台灣省台南市支會,="2007738",ywca,="69935498",臺南市
776,社團法人台南市女性權益促進會,="8599",女權會,="74804545",臺南市
777,社團法人雲林縣聽語障福利協進會,="639",聽語障協會,="74858513",雲林縣
778,財團法人愛心第二春文教基金會,="8989",愛基會,="97985032",臺北市
779,社團法人新竹市智障福利協進會,="6684",新竹智協,="98275734",新竹市
780,社團法人中華民國兒童慈善協會,="2420",兒慈協會,="97981325",臺北市
781,財團法人中華民國婦聯聽覺健康社會福利基金會,="850226",婦聯聽健,="97976337",臺北市
782,社團法人高雄市基督教家庭服務協會,="2810903",高雄家協,="92067772",高雄市
783,財團法人台灣兒童暨家庭扶助基金會金門分事務所,="326139",,="92997381",金門縣
784,財團法人台東縣私立牧心智能發展中心,="5257999",牧心,="93859484",臺東縣
785,財團法人李勝賢文教基金會,="1314885",,="93859359",臺東縣
786,台灣省大專青年服務協會,="3886",owl,="74870729",臺中市
787,社團法人苗栗縣身心障礙福利協進會,="4326",苗栗身障,="95844326",苗栗縣
788,社團法人桃園市聲暉協進會,="5231",桃園聲暉,="95928628",桃園市
789,財團法人台灣兒童暨家庭扶助基金會澎湖分事務所,="5875",澎湖家扶,="96679990",澎湖縣
790,財團法人向上社會福利基金會,="002",向上基金會,="52506590",臺中市
791,財團法人臺中市私立惠康社會福利基金會,="2950",惠康基金會,="52823147",臺中市
792,財團法人人間文教基金會,="5617",人間基金會,="97945617",嘉義縣
793,財團法人桃園市私立聖愛教養院,="1258",聖愛教養院,="67760486",桃園市
794,社團法人中華基督教福音協進會,="51990",福音協進會,="77120806",新北市
795,高雄市岡山大專青年協會,="71583",岡大會,="74800837",高雄市
796,財團法人新北市私立台灣天主教安老院,="107765",安老院,="34034991",新北市
797,財團法人台灣省私立台灣盲人重建院,="195185",盲人重建院,="34078596",新北市
798,財團法人基督門徒訓練中心,="0700",門訓神學院,="34391152",基隆市
799,財團法人雲林縣雲萱基金會,="0688",雲萱基金會,="20376503",雲林縣
800,財團法人弘道老人福利基金會,="590",,="98179269",臺中市
801,社團法人花蓮縣新象社區交流協會,="94247",花蓮新象,="95925299",花蓮縣
802,財團法人桃園市私立安康?智教養院,="520530",安康教養院,="95944036",桃園市
803,台中市世界聯合保護動物協會,="299299",台中世聯會,="98193305",臺中市
804,社團法人台北市希望社會服務協會,="90370",寰宇希望,="97980851",臺北市
805,財團法人天主教臺南市私立蘆葦?智中心,="2020520",蘆葦啟智,="97964070",臺南市
806,財團法人台灣兒童暨家庭扶助基金會台北市分事務所,="5520",台北家扶,="73988670",臺北市
807,台灣兒童伊比力斯協會,="168168",伊比力斯,="73992787",臺北市
808,社團法人花蓮縣視覺障礙福利協進會,="9593",花蓮盲協,="95931530",花蓮縣
809,財團法人台灣兒童暨家庭扶助基金會附設新北市私立大同育幼院,="68660",大同育幼院,="73768660",新北市
810,財團法人黑潮海洋文教基金會,="59427",黑潮,="73761619",花蓮縣
811,社團法人中華民國肌萎縮症病友協會,="5275",我愛肌萎,="92078588",高雄市
812,財團法人惠光導盲犬教育基金會,="199185",惠光導盲犬,="97991914",新北市
813,社團法人中華民國生活調適愛心會,="9797",愛心會,="97978927",臺北市
814,中華民國家庭照顧者關懷總會,="580097",家總,="97992408",臺北市
815,綠黨,="17924",綠黨,="97973562",臺北市
816,財團法人天主教會臺中教區附設臺灣省私立慈愛教養院,="2885",慈愛教養院,="59313160",彰化縣
817,財團法人台灣兒童暨家庭扶助基金會彰化分事務所,="2100",,="59357960",彰化縣
818,彰化縣基督教青年會,="1982",彰YMCA,="59290700",彰化縣
819,社團法人高雄市關懷流浪動物協會,="529",社高關懷動,="70997921",高雄市
820,社團法人宜蘭縣智障者權益促進會,="265",宜智障協會,="66268366",宜蘭縣
821,社團法人宜蘭縣脊髓損傷者協會,="240885",宜蘭脊髓,="95932340",宜蘭縣
822,社團法人中華民國佛教華嚴學會,="59488",華嚴學會,="95931807",新北市
823,財團法人桃園市私立路得?智學園,="1000",路得啟智,="95938610",桃園市
824,財團法人臺南市私立天主教伯利恆社會福利基金會,="2828",伯利恆,="97969075",臺南市
825,社團法人中國真佛宗華光功德會,="363113",,="97971190",高雄市
826,社團法人苗栗縣生命線協會,="362110",苗栗生命線,="66809433",苗栗縣
827,財團法人苗栗縣私立華嚴?能中心,="520520",華嚴啟能,="66814203",苗栗縣
828,社?法人桃園市視障輔導協會,="1015",桃視輔會,="67770463",桃園市
829,財團法人天主教會台中教區附設彰化縣私立聖智?智中心,="17234",彰化聖智,="77788651",彰化縣
830,財團法人臺中市私立群園社會福利基金會,="5678",群園基金會,="77952391",臺中市
831,社團法人台北市自閉症家長協會,="772",北市自協,="77120643",臺北市
832,社團法人嘉義縣精神康扶之友協會,="9890",嘉康扶之友,="97949297",嘉義縣
833,財團法人花蓮縣私立慈惠愛心基金會,="527",慈惠基金會,="08151509",花蓮縣
834,財團法人高雄市私立永安兒童之家,="7876081",永安兒家,="99184445",高雄市
835,社團法人苗栗縣康復之友協會,="690846",康復之友,="95851260",苗栗縣
836,社團法人宜蘭縣聽障者聲暉協會,="4185",宜蘭聲暉,="77045455",宜蘭縣
837,社團法人台北市心理復健家屬聯合協會,="012",心怡,="77129980",臺北市
838,社團法人臺北市觀音線心理暨社會關懷協會,="51688",觀音線,="77129594",臺北市
839,社團法人親慈慈善會,="181622",親慈慈善會,="76898997",新北市
840,財團法人臺灣兒童暨家庭扶助基金會臺東分事務所,="323804",台東家扶,="78861004",臺東縣
841,社團法人苗栗縣智障福利協進會,="995995",苗栗智協,="66832687",苗栗縣
842,社團法人台中市基督教旌旗協會,="3369",旌旗教會,="95847148",臺中市
843,財團法人苗栗縣私立海青老人養護中心,="9585",苗栗海青,="95854251",苗栗縣
844,社團法人屏東縣啟智協進會,="159",啟智協會,="08031189",屏東縣
845,財團法人屏東基督教勝利之家,="7366294",勝利之家,="08031293",屏東縣
846,臺灣兒童發展早期療育協會,="1122",早療協會,="19605612",花蓮縣
847,社團法人雲林縣虎尾身心障礙協會,="6332675",虎尾協會,="95812767",雲林縣
848,財團法人江許?文教基金會,="9876327",江許?文教,="98763277",臺北市
849,台灣展翅協會,="5218",,="01032732",臺北市
850,財團法人月星社會福利慈善事業基金會,="109108",月星基金會,="10910838",彰化縣
851,社團法人屏東縣向陽?能協會,="7217361",向陽協會,="99200254",屏東縣
852,財團法人耕心蓮苑教育基金會,="9946959",,="99469596",新北市
853,財團法人台灣省台南市念字聖堂,="2365794",念字聖堂,="69877005",臺南市
854,財團法人桃園市私立懷德風箏緣地育幼院,="5858",懷德育幼院,="30386712",桃園市
855,中華修緣世界協會,="50637",修緣世界,="25283758",彰化縣
856,社團法人高雄市善護關愛協會,="6627",善護協會,="25946601",高雄市
857,嘉義市西區福民社區發展協會,="2369222",嘉市福民,="99200070",嘉義市
858,財團法人嘉義縣私立瑞泰社會福利基金會,="225225",瑞泰基金會,="99205791",嘉義縣
859,社團法人桃園市社區精神復健協會,="0885",桃精協,="09757110",桃園市
860,社團法人屏東縣兒童少年關懷協會,="1022",兒少協會,="99543929",屏東縣
861,財團法人台中市私立張秀菊社會福利慈善事業基金會,="0303",張秀菊,="99381591",臺中市
862,財團法人聖功社會福利慈善基金會,="2233787",聖功基金會,="99399059",高雄市
863,社團法人高雄市大崗山康復之友協會,="58938",大崗山康復,="99174066",高雄市
864,臺灣向日葵全人關懷協會,="99365",向日葵協會,="99356740",臺北市
865,社團法人中華民國哈利路亞社區關懷協會,="3377777",哈利路亞,="99614326",臺北市
866,社團法人南投縣青少年空手道推展協會,="23981",空手道推展,="99023981",南投縣
867,台南市博愛菁莪愛心會,="777777",菁莪愛心會,="99133621",臺南市
868,社團法人台灣數位有聲書推展學會,="518066",有聲書學會,="99607296",臺北市
869,財團法人微龍教育基金會,="1221",微龍基金會,="99422684",宜蘭縣
870,財團法人阿寶教育基金會,="16885",阿寶基金會,="99428575",宜蘭縣
871,台灣聯合國協進會,="324",台灣聯合國,="99608204",臺北市
872,社團法人高雄市音樂養生慈善公益協會,="7654321",,="21312465",高雄市
873,桃園市基督福音教育協會,="4917",4C教會,="99184917",桃園市
874,社團法人高雄市青少年關懷協會,="9016888",young,="99135178",高雄市
875,財團法人萬海航運社會福利慈善事業基金會,="92178",萬海慈善,="99029802",臺北市
876,財團法人慶興社會福利基金會,="056",,="45306505",雲林縣
877,新竹縣公益慈善會,="1234",慈善會,="98774422",新竹縣
878,財團法人彰化縣私立秀和慈善事業基金會,="72995",秀和基金會,="59348787",彰化縣
879,高雄市啟禾扶輪社,="0930317",啟禾扶輪社,="99705178",高雄市
880,社團法人中華基督奇蹟全人關懷協會,="725",奇蹟,="99964603",臺北市
881,社團法人世界佛教正心會,="7755",佛教正心會,="99412004",新北市
882,社團法人台灣走出埃及輔導協會,="1314527",,="99031949",臺北市
883,社團法人台灣公益服務協會,="17885",公益,="98768456",新竹市
884,社團法人澎湖縣照顧服務協會,="9274927",照顧協會,="80913078",澎湖縣
885,財團法人礦工兒子教育基金會,="6620",礦工兒子,="94985306",臺北市
886,社團法人台中市學習障礙協會,="2179",學障協會,="94985761",臺中市
887,財團法人台北市蘋果日報社會福利慈善事業基金會,="240245",蘋果基金會,="94985241",臺北市
888,中華好家庭關懷協會,="377168",好家庭,="94997773",臺中市
889,社團法人台北市心生活協會,="1979322",心生活協會,="99029731",臺北市
890,社團法人中華勵本志身心障礙者技藝創業協會,="708585",中華勵本志,="98759695",新北市
891,台灣癌症資訊全人關懷協會,="880885",TCI,="48778417",臺北市
892,社團法人新竹市精神健康協會,="527520",精健會,="09729277",新竹市
893,社團法人基隆市生命線協會,="01995",基隆生命線,="00691145",基隆市
894,財團法人切膚之愛社會福利慈善事業基金會,="9866",切膚之愛,="98661882",彰化縣
895,社團法人高雄市小草關懷協會,="1733",小草協會,="99696142",高雄市
896,社團法人台灣性別平等教育協會,="2004",性平協會,="80913915",臺北市
897,財團法人台南市私立健生障礙照護中心,="9952",,="99521973",臺南市
898,社團法人中華民國老人福利關懷協會,="2468",中華老協,="99354074",臺北市
899,社團法人台灣葡萄園社會關懷協會,="17527",TVLA,="99347840",臺北市
900,社團法人台灣風信子精神障礙者權益促進協會,="5813",風信子協會,="49995813",新竹縣
901,台灣障礙者就業服務協會,="007",,="99028888",臺北市
902,社團法人中華民國牧愛生命協會,="1073911",牧愛,="21303064",高雄市
903,社團法人臺中市愛無礙協會,="088999",愛無礙,="99941166",臺中市
904,財團法人基督教台中更生團契,="4339926",,="45658085",臺中市
905,社團法人臺灣公共衛生促進協會,="2008",衛促會,="10316181",臺南市
906,中華民國青澀芷蘭菁英培育發展協會,="7890",青澀芷蘭,="26578702",基隆市
907,財團法人臺北市華書慈善基金會,="77777",華書,="26263371",臺北市
908,新北市耆光協會,="3488",新北耆光,="34884682",新北市
909,社團法人台灣福氣社區關懷協會,="52020",福氣協會,="25473292",臺中市
910,財團法人台新銀行公益慈善基金會,="2887",TSCF,="25689722",臺北市
911,社團法人台灣原聲教育協會,="4568",原聲教協,="45685626",南投縣
912,社團法人臺東縣關懷生命協會,="220253",LCATC,="10727255",臺東縣
913,臺北市麗山社區關懷協會,="7878",,="26272414",臺北市
914,社團法人中華民國照顧服務員專業發展協會,="1213",照服專協,="34865622",新北市
915,財團法人臺中市私立衡山社會福利基金會,="2320",衡山基金會,="10912603",臺中市
916,財團法人臺中市私立童庭社會褔利慈善事業基金會,="996",童庭基金會,="45758015",臺中市
917,社團法人彰化縣視障者關懷協會,="45678",彰化視協,="45678104",彰化縣
918,財團法人信業希望教育基金會,="7694129",信業希望,="30159104",新北市
919,新北市彌賽亞全人關懷協會,="377",新店神召會,="10674519",新北市
920,社團法人屏東縣社會工作者協會,="7364783",屏社協,="10732449",屏東縣
921,財團法人基督教惠明盲人福利基金會附設臺中市私立惠明視障者教養院,="333333",惠明教養院,="45749092",臺中市
922,社團法人臺東縣失智者關懷協會,="380900",失智協會,="25838618",臺東縣
923,社團法人臺中市身心障礙體育總會,="170",台中身障會,="25271330",臺中市
924,社團法人台灣善行天下發展協會,="9009",善行天下,="25442279",臺中市
925,財團法人嘉義縣私立天主教安道社會福利慈善事業基金會,="5968",,="25836338",嘉義縣
926,財團法人高雄市私立慈暉關懷學園,="8888888",慈暉學園,="10715455",高雄市
927,社團法人臺北市心藝社會關懷協會,="71680",心藝協會,="10386448",臺北市
928,社團法人台灣基督教好牧人全人關顧協會,="6885",好牧人,="25461839",臺中市
929,社團法人屏東縣社會福利聯盟,="7883344",社福聯盟,="25888052",屏東縣
930,社團法人中華漢翔百元扶幼協會,="294100",,="25455484",臺中市
931,社團法人彰化縣自閉症肯納家長協會,="5201314",肯納烘焙坊,="45734823",彰化縣
932,財團法人台中市私立真愛社會福利慈善事業基金會,="2020",真愛基金會,="10910627",臺中市
933,社團法人台中市脊髓損傷者協會,="566",中市脊協,="45695595",臺中市
934,臺南市佳楠愛心慈善會,="11520",佳楠慈善會,="10790658",臺南市
935,財團法人第一社會福利基金會,="51811",,="04170054",臺北市
936,社團法人台灣遲緩兒天使樂園協會,="996888",天使樂園,="26577773",新北市
937,財團法人桃園市李林樹社會福利基金會附設桃園教養院,="71885",桃園教養院,="26171106",桃園市
938,社團法人中華基督教以琳關懷協會,="5210",以琳學園,="26263597",臺北市
939,中華民國國際幼兒教育協會,="0618",幼教協會,="26266665",臺北市
940,中華數位人文關懷協會,="1314520",,="25682946",桃園市
941,社團法人台灣關懷人權與健康協會,="7799",人權健康,="10262100",高雄市
942,社團法人台灣兒童少年希望協會,="8017",台灣兒少,="34896478",新北市
943,社團法人台灣社區實踐協會,="9179",社區實踐,="26590071",新北市
944,社團法人臺南市心智障礙關顧協會,="520168",臺南心智,="10753859",臺南市
945,台灣排球協會,="54321",台排協,="10323633",臺北市
946,台灣築心全人生命教育關懷協會,="3016",築心之家,="30166549",新竹縣
947,社團法人台南市新世代社會福利關懷協會,="3037980",新世代協會,="10792608",臺南市
948,社團法人中華家庭暨社區展望協會,="9949",FC,="25879949",屏東縣
949,社團法人公投護台灣聯盟,="081025",公投盟,="26267046",臺北市
950,社團法人環境法律人協會,="24612",EJA,="26205128",臺北市
951,社團法人臺北市照顧生命協會,="3658",北市照生會,="25687891",臺北市
952,社團法人台灣關懷弱勢協會,="0512",社團法人台,="34939737",新北市
953,財團法人地球公民基金會,="8524",地球公民,="26034595",高雄市
954,社團法人中華民國台北效力志工團,="9888",效力志工團,="26504998",新北市
955,社團法人屏東縣原住民社會公益服務協會,="94352",,="36722038",屏東縣
956,財團法人日月之光慈善事業基金會,="568",日月之光,="10269379",高雄市
957,臺南市童心園社會福利關懷協會,="029",童心園,="10809404",臺南市
958,社團法人中華弱勢者希望協會,="168568",扶弱勢,="26564762",桃園市
959,國立臺北大學社會工作學系系友會,="521521",社工系友會,="34946553",新北市
960,財團法人台灣省花蓮縣中華基督長老會山宣總會附設花蓮縣私立原住民少年兒童之家,="8612423",原住民之家,="30116345",花蓮縣
961,社團法人新竹市脊髓損傷者協會,="5324066",新竹市脊協,="98286893",新竹市
962,財團法人癌症關懷基金會,="10666",癌症關懷,="18492246",臺北市
963,社團法人台北市武進同鄉會,="3686377",武進同鄉會,="92010650",臺北市
964,財團法人台北市視障音樂文教基金會,="2523",,="92005333",臺北市
965,社團法人南投縣生活重建協會,="723509",重建協會,="17723509",南投縣
966,社團法人台灣寶島行善義工團,="5921",寶島義工團,="13535604",雲林縣
967,財團法人台安基金會,="16165",臺安基金會,="99685638",臺北市
968,社團法人金門縣身心障礙者家長協會,="082",家長協會,="83339529",金門縣
969,財團法人瑞信兒童醫療基金會,="2002",瑞信基金會,="15745443",新北市
970,財團法人天主教光仁社會福利基金會,="988",光仁社福,="13539242",臺北市
971,高雄市顯密寧瑪巴雪謙佛學會,="1225",台灣雪謙,="15751697",高雄市
972,台灣原住民多族群文化交流協會,="8895",多族群,="15564630",新北市
973,社團法人南投縣中寮鄉龍眼林福利協會,="20005",龍眼林,="13538969",南投縣
974,嘉義縣紅十字會,="1207",,="13276085",嘉義縣
975,財團法人天主教白永恩神父社會福利基金會,="1111111",,="18493218",臺北市
976,財團法人光泉文教基金會,="9200",光泉文教,="92000560",臺北市
977,財團法人天儲教育基金會,="0990",天儲基金會,="13310990",新北市
978,財團法人嘉義縣私立嘉惠教養院,="2390069",嘉惠教養院,="29418899",嘉義縣
979,財團法人國紹泌尿科學教育基金會,="70818",國紹基金會,="14533935",新北市
980,財團法人臺灣防盲基金會,="2000",,="14308162",臺北市
981,財團法人屏東縣私立清境家園社會福利慈善事業基金會附設屏東縣私立清境家園老人長期照護中心,="7533557",清境家園,="99585379",屏東縣
982,社團法人中華婦幼新知推展協會,="9922754",中華婦幼,="99227541",新北市
983,社團法人新竹市生命線協會,="9595",竹市生命線,="47347622",新竹市
984,台灣觸愛協會,="717885",觸愛,="99536005",臺南市
985,社團法人新北市知識重建促進會,="0920",永和社大,="13570550",新北市
986,新北市平溪鄉慈善服務協會,="235834",平溪慈善,="18236176",新北市
987,社團法人桃園市智障者家長協會,="3699135",桃智協,="98230441",桃園市
988,社團法人高雄市傷殘服務協會,="9858",高市傷殘,="98586364",高雄市
989,社團法人屏東縣海青青弘會,="909",海青青弘會,="13277872",屏東縣
990,柳春春劇社劇團,="0829",柳春春劇社,="13548137",臺北市
991,社團法人新竹市心理衛生協會,="5152464",竹心衛協會,="99461150",新竹市
992,財團法人天主教會台中教區附設南投縣私立玫瑰?能訓練中心,="6995",玫瑰啟能,="99672985",南投縣
993,社團法人高雄市仁仁慈善協會,="5581",仁仁慈善,="98584318",高雄市
994,財團法人法鼓山社會福利慈善事業基金會,="1849",法鼓山慈善,="18497679",臺北市
995,社團法人新竹縣身心障礙者扶助協會,="6888",扶助協會,="02816888",新竹縣
996,財團法人基督教惠明盲人福利基金會,="112233",愛在惠明,="31006107",臺中市
997,社團法人青年使命團,="2626",青年使命團,="13543941",新北市
998,社團法人台灣環境資訊協會,="17930",環資,="13527273",臺北市
999,財團法人嘉義市私立瑞泰老人長期照護中心,="669",瑞泰安養,="14296243",嘉義市
1000,社團法人中華育幼機構兒童關懷協會,="1717",CCSA,="15737366",臺中市
1001,財團法人嘉義市私立嘉愛?智發展中心,="5656",嘉愛,="99535836",嘉義市
1002,財團法人臺南市私立豐德教養院,="52168",,="14696894",臺南市
1003,財團法人基督教史懷哲宣道會,="1399582",史懷哲宣道,="13995825",宜蘭縣
1004,財團法人天主教華光社會福利基金會,="1251",,="14301251",新竹縣
1005,財團法人智諭老和尚教育紀念基金會,="1112",,="13989485",新北市
1006,社團法人雲林縣北港身心障礙者福利協會,="1229",北港身障,="18431229",雲林縣
1007,財團法人基督徒魚池禮拜堂,="688",魚池禮拜堂,="13544688",南投縣
1008,社團法人新竹市自閉症協進會,="936",新竹自閉症,="98286319",新竹市
1009,社團法人中華民國肯愛社會服務協會,="6666",肯愛協會,="99947372",臺北市
1010,社團法人中華民國自主學習促進會,="9806",自主學習,="13994229",新北市
1011,社團法人彰化縣喜樂小兒麻痺關懷協會,="820",伯立歐小麻,="99676912",彰化縣
1012,財團法人流浪動物之家基金會,="8957282",HSAPF,="97996501",新北市
1013,財團法人香園社會福利基金會,="6696",香園基金會,="13306530",新竹縣
1014,財團法人天主教曉明社會福利基金會,="1773",曉明基金會,="17732319",臺中市
1015,財團法人台南市私立朝興社會福利慈善事業基金會,="666",朝興基金會,="98637238",臺南市
1016,財團法人人安社會福利慈善事業基金會,="918",,="14924068",臺北市
1017,社團法人台灣社會工作實務發展協會,="8518",社工實協,="99874053",南投縣
1018,財團法人桃園市私立龍潭?智教養院,="0916",龍潭啟智,="14539760",桃園市
1019,社團法人桃園市愛鄰舍協會,="204",愛鄰舍協會,="15582200",桃園市
1020,社團法人雲林縣兒童福利發展協會,="5223040",雲兒福,="15584805",雲林縣
1021,財團法人南投縣私立德安?智教養院,="85717",德安,="17718533",南投縣
1022,財團法人台東縣私立柏林老人養護中心,="339985",柏林養護,="13548087",臺東縣
1023,財團法人台中市私立慈光社會福利慈善事業基金會,="3300",慈光基金會,="94980870",臺中市
1024,財團法人南方文教基金會,="17382",南方基金會,="98587413",高雄市
1025,財團法人桃園市私立康福智能發展中心,="2585",康福中心,="29351291",桃園市
1026,社團法人雲林縣脊髓損傷者協會,="7070885",雲脊協,="78951645",雲林縣
1027,社團法人公民監督國會聯盟,="113",公督盟,="83865901",臺北市
1028,臺中市山海屯脊髓損傷協會,="6256",山海屯脊協,="78949677",臺中市
1029,社團法人高雄三山脊損重建協會,="3374",三山脊損,="78940958",高雄市
1030,台灣原住民基層教師協會,="7992469",原基教,="36667210",屏東縣
1031,財團法人臺灣癌症基金會,="1799",癌症基金會,="81581169",臺北市
1032,社團法人中華民國康復之友聯盟,="861108",康盟,="81593545",臺北市
1033,社團法人台南市康復之友協會,="8533",南市康協,="78964493",臺南市
1034,社團法人屏東縣慈善團體聯合協會,="9898",屏慈聯,="10163740",屏東縣
1035,社團法人中華民國明健慈善公益協進會,="175",明健協進會,="09838628",新北市
1036,社團法人臺東縣原住民嘎屋啦瀚文教發展協會,="891606",嘎屋啦瀚,="10462698",臺東縣
1037,財團法人彰化縣私立青山社會福利慈善事業基金會附設愛加倍身心障礙養護家園,="8713399",愛加倍身障,="45543633",彰化縣
1038,彰化縣三清愛心慈善會,="800",,="45471687",彰化縣
1039,財團法人全民健康基金會,="120",全健會,="48858761",臺北市
1040,社團法人台灣非營利事業經營管理協會,="0220",NPO協會,="25591538",臺北市
1041,財團法人天使心家族社會福利基金會,="336",天使心家族,="48837231",臺北市
1042,社團法人台灣世界快樂聯盟,="1040524",,="10405249",屏東縣
1043,社團法人台灣公益團體自律聯盟,="1111",公益自律,="48688957",臺北市
1044,台灣社會福利總盟,="5845",社福總盟,="48947906",臺北市
1045,財團法人台中市私立中杏社會福利基金會,="37560",中杏基金會,="45537560",臺中市
1046,社團法人中華民國順濟媽祖慈善會,="168520",順濟媽祖,="10008706",新北市
1047,財團法人宜蘭縣社會福利聯合勸募基金會,="1667",宜蘭聯勸,="10533130",宜蘭縣
1048,社團法人台灣青少年性別文教會,="1011",好性會,="57991635",高雄市
1049,財團法人台灣省天主教會新竹教區附設私立藍天家園,="861227",藍天家園,="10508842",新竹縣
1050,台北市歐伊寇斯ＯＩＫＯＳ社區關懷協會,="17247",歐伊寇斯,="48885198",臺北市
1051,社團法人中華民國合家歡協會,="1234567",合家歡協會,="48837366",臺北市
1052,社團法人基隆市自閉症家長協會,="588",,="09995041",基隆市
1053,財團法人台中市私立宏恩社會福利慈善基金會,="1589",宏恩基金會,="45365665",臺中市
1054,社團法人中華民國手足球協會,="4888",手足球協會,="48881030",臺中市
1055,財團法人台灣省天主教會新竹教區附設桃園市私立愛家發展中心,="1795",桃園愛家,="09812090",桃園市
1056,社團法人屏東縣風之巢社區照顧暨健康促進協會,="4617",風之巢協會,="10104617",屏東縣
1057,社團法人高雄市鳳山老人健康照護協會,="1017169",鳳老,="10171690",高雄市
1058,社團法人高雄市憨兒就業輔導協會,="17843",憨兒窯,="36619581",高雄市
1059,台灣動物緊急救援推廣協會,="0958",ARTT,="45430504",臺中市
1060,社團法人高雄市築夢關懷協會,="3110601",築夢,="10212101",高雄市
1061,社團法人苗栗縣自閉症協進會,="3752",,="45485161",苗栗縣
1062,財團法人台中市私立康善社會福利慈善事業基金會,="3335",康善基金會,="08792785",臺中市
1063,社團法人屏東縣躍愛全人關懷協會,="5168",躍愛協會,="10413439",屏東縣
1064,財團法人台中市私立新希望社會福利基金會,="066588",,="25451396",臺中市
1065,社團法人台灣彩虹雙福協會,="339",彩虹雙福,="10903061",南投縣
1066,財團法人愛網全人關懷社會福利慈善事業基金會,="1720",愛網基金會,="10065706",新北市
1067,財團法人天主教瑪利亞方濟各傳教女修會附設私立米可之家,="210",米可之家,="10525820",新竹市
1068,社團法人中華民國溪水旁關懷單親家庭協會,="9958",溪水旁協會,="09807250",臺北市
1069,財團法人新竹市天主教仁愛社會福利基金會,="228",仁愛基金會,="31424735",新竹市
1070,社團法人中華基督教網路發展協會,="194",CCNDA,="34805786",新北市
1071,社團法人中華樂扶社會服務協會,="9195",中華樂扶,="10535714",新北市
1072,財團法人迎曦教育基金會,="558",,="25472499",臺中市
1073,社團法人臺南市慈光心智關懷協會,="2057",慈光心智,="10160552",臺南市
1074,社團法人花蓮縣自閉症協會,="8588",自閉症協會,="09890665",花蓮縣
1075,玉皇玉聖宮,="2810731",玉皇玉聖宮,="10160151",臺南市
1076,社團法人屏東縣希望家園協進會,="085580",希望家園,="36624607",屏東縣
1077,財團法人彰化縣私立慈恩社會福利慈善事業基金會,="8837227",慈恩基金會,="45398764",彰化縣
1078,社團法人台灣社造聯盟,="4799",社造聯盟,="48834179",臺中市
1079,社團法人高雄市臻愛天使兒少關懷協會,="7931030",臻愛天使,="36619843",高雄市
1080,社團法人臺東縣教育發展協會,="513663",孩子的書屋,="10409786",臺東縣
1081,台灣國際家庭互助協會,="1105",國際家協,="36668365",高雄市
1082,社團法人嘉義市關懷自閉症協會,="180524",,="10129906",嘉義市
1083,財團法人基隆市私立基督教信心社會福利慈善事業基金會,="4710088",大光兒少,="09842025",基隆市
1084,社團法人中華民國恩友愛心協會,="911",恩友,="48903055",臺北市
1085,中華民國好牧人關懷之家協進會,="5188",,="31468579",新北市
1086,社團法人台灣濟公盲人愛心會,="3838",濟盲愛心會,="34942803",新北市
1087,社團法人台南市流浪動物愛護協會,="17966",愛護協會,="25860815",臺南市
1088,財團法人台灣兒童暨家庭扶助基金會宜蘭分事務所,="078585",,="40642557",宜蘭縣
1089,中華民國紅十字會桃園市分會,="5588",桃園紅會,="43861577",桃園市
1090,財團法人台灣兒童暨家庭扶助基金會台中市南區分事務所,="5584",南台中家扶,="52697697",臺中市
1091,財團法人中華文化社會福利事業基金會台北兒童福,="581214",台北兒福,="77539289",臺北市
1092,中華民國星橋愛心服務協會,="899",星橋,="77537613",臺北市
1093,財團法人台中市私立無極證道院社會福利慈善事業,="17257",無極證道院社會福利慈善事業基金會,="77600832",臺中市
1094,財團法人佛教慈恩育幼基金會,="728",育幼基金會,="76201061",高雄市
1095,財團法人彰化縣私立博愛服務中心,="0000",博愛,="08376319",彰化縣
1096,財團法人屏東縣私立迦南身心障礙養護院,="7707097",迦南養護院,="17017878",屏東縣
1097,社團法人中華基督徒地方教會聯合差傳協會,="17268",差傳,="14306143",臺北市
1098,社團法人屏東縣身心障礙者民俗技藝推廣協會,="2019",,="13679616",屏東縣
1099,社團法人高雄市明燈慈善會,="1168",明燈慈善會,="78641240",高雄市
1100,高雄市長春關懷協會,="3119595",高雄市長春,="78642992",高雄市
1101,社團法人台南市聲暉協進會,="830",南市聲暉,="06524285",臺南市
1102,社團法人新北市道德慈善協進會,="22119",道德慈善,="78587098",新北市
1103,財團法人仰山文教基金會,="5213",仰山,="77010316",宜蘭縣
1104,社團法人中華民國身心障礙聯盟,="5252",身心障礙盟,="76941592",臺北市
1105,社團法人中華民國關懷生命協會,="7088",LCA,="76946301",臺北市
1106,社團法人台中市康復之友協會,="408",中市康,="77612534",臺中市
1107,台北市智障者家長協會,="1685",北智協,="77121050",臺北市
1108,社團法人嘉義市啟智協會,="791202",啟智協會,="76830126",嘉義市
1109,中華弘慈協會,="123123",中華弘慈,="76906292",新北市
1110,財團法人台南市衛國街基督教會,="2356332",衛國街教會,="56998033",臺南市
1111,財團法人南投縣私立南投仁愛之家,="2222151",南投仁家,="61609604",南投縣
1112,財團法人台灣省私立光明仁愛之家,="66666",光明仁愛,="61837179",南投縣
1113,埔基醫療財團法人,="539",埔基,="62301126",南投縣
1114,財團法人台灣兒童暨家庭扶助基金會南投分事務所,="70885",,="61930549",南投縣
1115,財團法人天主教失智老人社會福利基金會,="858",失智基金會,="73990893",臺北市
1116,社團法人花蓮縣康復之友協會,="2733",康復之友,="08158952",花蓮縣
1117,財團法人私立台東基督教阿尼色弗兒童之家,="3194",阿尼色弗,="08121246",臺東縣
1118,財團法人天主教臺南市私立德蘭啟智中心,="2025",德蘭啟智,="08437879",臺南市
1119,財團法人台南市私立噶瑪噶居蔣揚社會福利慈善事,="5746700",蔣揚基金會,="08452266",臺南市
1120,社團法人台中市智障者家長協會,="7485",中智協,="74850316",臺中市
1121,社團法人苗栗縣同心身心障礙服務協進會,="482403",竹南同心,="74872705",苗栗縣
1122,社團法人台中市開懷協會,="5990",開懷協會,="74871298",臺中市
1123,財團法人南投縣私立炫寬愛心教養家園,="545",炫寬,="74870137",南投縣
1124,社團法人屏東縣志願服務協會,="7353472",屏東志協,="78608621",屏東縣
1125,財團法人台灣兒童暨家庭扶助基金會附設彰化縣私立家扶發展學園,="8300",,="78627211",彰化縣
1126,財團法人台南市基督教青年會社會福利慈善事業基金會,="381",南YMCA,="78673024",臺南市
1127,財團法人天主教會台中教區附設立達?能訓練中心,="01985",立達,="77931381",臺中市
1128,社團法人中華民國道德重整協會,="0707",道德重整,="77121452",臺南市
1129,財團法人新竹市私立新竹仁愛兒童之家,="3650",,="47001022",新竹市
1130,財團法人台灣兒童暨家庭扶助基金會新竹分事務所,="5678585",新竹家扶,="47253119",新竹市
1131,財團法人新竹市私立天主教仁愛?智中心,="227",仁愛啟智,="47347995",新竹市
1132,財團法人天主教會台中教區,="0925",台中教區,="52911599",臺中市
1133,財團法人台灣省私立?智技藝訓練中心,="874",啟智中心,="08424972",桃園市
1134,社團法人彰化縣脊髓損傷重建協會,="8888",彰脊,="78629816",彰化縣
1135,社團法人高雄市快樂堤心理協會,="9900",高市快樂堤,="76227180",高雄市
1136,財團法人慈懷社會福利基金會,="8591",慈懷基金會,="77020237",宜蘭縣
1137,財團法人大眾教育基金會,="017885",大眾基金會,="76947300",臺北市
1138,社團法人花蓮縣脊髓損傷福利協進會,="1520",花蓮脊協,="08154323",花蓮縣
1139,桃園市生命線協會,="031995",桃園生命線,="36443970",桃園市
1140,社團法人桃園市聾啞福利協進會,="60108",桃園聾協,="36444302",桃園市
1141,社團法人屏東縣聲暉聽障協進會,="7372174",屏東聲暉,="76777332",屏東縣
1142,財團法人圓覺宗智敏慧華金剛上師教育基金會,="0123",智敏慧華,="76942706",臺北市
1143,社團法人中華民國脊髓損傷者聯合會,="2628",脊髓損傷者,="76902628",臺北市
1144,臺中市山海屯聲暉協進會,="33000",山海屯聲暉,="77667299",臺中市
1145,財團法人新北市基督教晨曦會,="6693",晨曦會,="66931602",新北市
1146,財團法人新北市遠東福音會,="316",遠東福音會,="66928178",新北市
1147,新北市智障者家長協會,="1688",新北智協,="66929084",新北市
1148,財團法人台灣兒童暨家庭扶助基金會嘉義分事務所,="2812085",嘉義家扶,="74804355",嘉義市
1149,社團法人台南市臺南愛心慈善會,="5699",台南愛心,="56998337",臺南市
1150,財團法人彰化縣私立基督教喜樂保育院,="5276",喜樂保育院,="59138972",彰化縣
1151,財團法人彰化縣私立慈生仁愛院,="16988",慈生仁愛院,="59162901",彰化縣
1152,財團法人聯合醫學基金會,="3469595",,="76239806",桃園市
1153,財團法人佛教僧伽醫護基金會,="3131",僧醫會,="74997819",新北市
1154,社團法人高雄市慈善團體聯合總會,="3226666",高慈總,="76236266",高雄市
1155,社團法人彰化縣?智協進會,="006",彰化智協,="78626753",彰化縣
1156,社團法人高雄市調色板協會,="0212",調色板,="78640501",高雄市
1157,社團法人苗栗縣肢體傷殘自強拹會,="334792",苗栗肢殘,="66811297",苗栗縣
1158,財團法人正德社會福利慈善基金會,="923",正德社福,="08490352",高雄市
1159,台東縣肢體障礙協會,="110",台東肢體障,="12086045",臺東縣
1160,財團法人陳天信文教基金會,="1824",陳天信文教,="74857958",臺中市
1161,財團法人臺中市私立弗傳慈心社會福利慈善事業基金會,="22522",弗傳慈心,="74867837",臺中市
1162,財團法人文向教育基金會,="9588",文向基金會,="74875344",彰化縣
1163,財團法人天主教會台中教區附設南投縣私立復活?智中心,="7717",復活啟智,="78124034",南投縣
1164,社團法人彰化縣肢體傷殘協進會,="2013",彰肢協會,="78168721",彰化縣
1165,財團法人宜蘭縣私立佛教幸夫社會福利慈善事業基金會,="928",幸夫,="78224553",宜蘭縣
1166,財團法人孫海文化基金會,="0208",孫海文化基,="76200582",南投縣
1167,財團法人現代婦女教育基金會,="5238",現代婦女,="76904597",臺北市
1168,社團法人中華民國濟世功德會,="7474",濟世功德會,="76894401",臺北市
1169,財團法人天恆文教基金會,="580580",,="76894438",新北市
1170,社團法人台中市盲人福利協進會,="520580",,="77230923",臺中市
1171,澎湖縣私立財團法人天主教澎湖教區附設惠民?智中心,="9261790",惠民啟智,="77181541",澎湖縣
1172,社團法人臺中市聲暉協進會,="885770",台中市聲暉,="77224788",臺中市
1173,財團法人南投縣私立傑瑞社會福利基金會附設南投縣私立傑瑞老人安養中心,="3333",傑瑞社福,="77367618",南投縣
1174,社團法人雲林縣老人福利保護協會,="1313",,="20413578",雲林縣
1175,財團法人老五老基金會,="050",老五老,="20388655",臺中市
1176,中華民國聲暉聯合會,="330",中華聲暉,="20413893",臺中市
1177,社團法人高雄市燭光協會,="3387665",燭光協會,="08224046",高雄市
1178,財團法人台灣基督教門諾會附設花蓮縣私立善牧中心,="35760",善牧中心,="08153773",花蓮縣
1179,社團法人世界和平婦女會台灣總會,="123",,="77128504",臺北市
1180,財團法人台灣兒童暨家庭扶助基金會雲林分事務所,="6323200",雲林家扶,="20373560",雲林縣
1181,社團法人台東縣智障者家長協會,="1208",台東智協,="12085545",臺東縣
1182,財團法人屏東縣私立磐石社會福利事業基金會,="6820",磐石基金會,="78608988",屏東縣
1183,財團法人天主教會台中教區附設彰化縣私立聖家?智中心,="7885580",彰化聖家,="78629344",彰化縣
1184,社團法人高雄市佛光腎臟關懷協會,="2313",佛光腎協,="78640087",高雄市
1185,社團法人新北市康復之友協會,="88749",北縣康,="78213839",新北市
1186,社團法人新北市濰精慈善會,="265188",濰精慈善會,="78273646",新北市
1187,財團法人嘉義市私立修緣育幼院,="220225",修緣育幼院,="78555574",嘉義市
1188,臺灣社會工作專業人員協會,="0326",社工專協,="76941381",臺北市
1189,財團法人世界宗教博物館發展基金會,="093",宗博基金會,="76948271",新北市
1190,社團法人宜蘭縣思源仁愛協會,="3388",思源仁愛,="77045075",宜蘭縣
1191,社團法人彰化縣愛鄰社會福利協會,="500",彰化愛鄰,="99191972",彰化縣
1192,財團法人屏東縣私立屏東?智教養院,="080",屏啟教養院,="08029590",屏東縣
1193,財團法人高雄市私立樂仁?智中心,="60520",樂仁,="76224493",高雄市
1194,財團法人環境品質文教基金會,="2321",,="21001407",臺北市
1195,財團法人新北市私立樂山園社會福利慈善事業基金會,="1013",樂山基金會,="37306101",新北市
1196,財團法人台南市私立長泰教養院,="6699",長泰教養院,="78475489",臺南市
1197,財團法人成杏醫學文教基金會,="0647964",成杏,="06479649",臺南市
1198,台灣國際醫療行動協會,="1771",iACT,="14536264",新竹縣
1199,社團法人中華民國向陽關懷協會,="777",向陽,="25826319",臺南市
1200,社團法人台灣社區健康及家庭關係促進協會,="980712",社家協會,="25614440",新北市
1201,社團法人台北市行無礙資源推廣協會,="456",行無礙,="29224958",臺北市
1202,中華民國海軍退伍軍人協會,="9974",退伍軍人,="99748063",新北市
1203,財團法人台中市私立宏源社會福利慈善事業基金會,="5598",宏源基金會,="45635598",臺中市
1204,社團法人屏東縣原住民全人關懷促進協會,="970222",原住民關懷,="10480675",屏東縣
1205,中華民國流浪動物花園協會,="0528",動物花園,="48870603",臺北市
1206,社團法人中華民國金光明宗佛學會,="513899",金光明宗,="30394902",新北市
1207,新北市惜緣愛心協會,="8992",新北市惜緣,="30374770",新北市
1208,社團法人台灣佳美生命建造協會,="379",佳美協會,="26132625",新竹縣
1209,財團法人台灣兒童暨家庭扶助基金會附設雲林縣私立家扶希望學園,="6361712",雲林希望,="25306773",雲林縣
1210,財團法人台灣兒童暨家庭扶助基金會附設雲林縣私立家扶發展學園,="6361716",雲林發展,="25306788",雲林縣
1211,社團法人中華民國腹膜透析腎友協會,="2006",,="48829112",臺北市
1212,社團法人中華創新發明學會,="0000000",中華創新發,="25612983",臺北市
1213,台灣秀蘭慈善協會,="456799",秀蘭慈善,="25339726",臺中市
1214,社團法人中華牧羊人青少年關懷協會,="1082",牧羊人,="26131082",臺中市
1215,社團法人桃園縣拾穗關懷服務協會,="2615372",拾穗協會,="26153727",桃園市
1216,台灣流浪兔保護協會,="17922",流浪兔協會,="26131442",臺北市
1217,財團法人台灣兒童暨家庭扶助基金會附設南投縣私立家扶希望學園,="8700",,="25335974",南投縣
1218,中華民國聽障棒壘球協會,="52206",華聽棒壘協,="10932896",臺中市
1219,醫療財團法人正德癌症醫療基金會,="179",正德醫療,="10726220",高雄市
1220,台灣泡泡龍病友協會,="92880",揪愛泡泡龍,="25806622",新竹市
1221,社團法人高雄市天心慈善會,="133395",天心慈善會,="10215796",高雄市
1222,社團法人雲林縣婦幼關懷協會,="7856981",,="45343614",雲林縣
1223,財團法人台灣閱讀文化基金會,="567",愛的書庫,="45369493",南投縣
1224,財團法人台北市林芳瑾社會福利慈善事業基金會,="88087",,="48842142",臺北市
1225,財團法人粘得紀念教育基金會,="161",,="45374340",彰化縣
1226,財團法人宜蘭縣私立宏仁老人長期照顧中心（養護型）,="9995",宏仁長照,="30112559",宜蘭縣
1227,社團法人台灣安心家庭關懷協會,="003",安心協會,="10795773",臺東縣
1228,財團法人台東縣私立海山弘願慈善基金會附設台東縣私立海山扶兒家園,="318699",海山扶兒園,="25827963",臺東縣
1229,社團法人台北市愛兔協會,="5222",愛兔協會,="25588750",臺北市
1230,高雄市基督教美門乾癬病友關懷協會,="517888",kcpca,="10280677",高雄市
1231,財團法人ＯＭＧ關懷社會愛心基金會,="168001",OMG,="25603507",臺北市
1232,臺北醫學大學,="5281",北醫,="03724606",臺北市
1233,社團法人高雄市螢火蟲兒少福利服務關懷協會,="47107",,="10235033",高雄市
1234,社團法人台灣弱勢希望協進會,="70345",弱勢希望,="25826492",高雄市
1235,基隆市信義區智慧社區發展協會,="962",智慧社區,="26105319",基隆市
1236,社團法人臺東縣向日葵關懷協會,="668",台東向日葵,="25804743",臺東縣
1237,財團法人天主教靈醫會附設宜蘭縣私立聖嘉民老人長期照顧中心（養護型）,="011668",聖嘉民老人,="26107061",宜蘭縣
1238,社團法人中華民國無犯罪促進會,="980322",無犯罪促進,="26113325",花蓮縣
1239,財團法人台南市私立母佑會社會福利慈善基金會附設羅蘭青少年中心,="10188",羅蘭中心,="21910188",臺南市
1240,台中縣舜心慈善功德會,="4530",舜心慈善功,="45309448",臺中市
1241,社團法人台灣油症受害者支持協會,="1979",台灣油症,="25635748",臺中市
1242,社團法人台灣萬人社福協會,="6580",萬人社福,="25835675",臺南市
1243,社團法人中華十方準提學會,="521013",,="30375356",臺北市
1244,社團法人新竹市聲暉協會,="97324",新竹聲暉,="10591757",新竹市
1245,社團法人臺北市新活力自立生活協會,="1210203",新活力,="48874517",臺北市
1246,財團法人台南市私立荷園社會福利慈善事業基金會,="971103",荷園基金會,="10797499",臺南市
1247,社團法人臺灣照顧生命協會,="589",貓狗119,="10532202",臺北市
1248,中華靈寶派道士會,="0830",靈寶道士會,="25827529",臺南市
1249,社團法人高雄市六龜關懷協會,="1235",六龜關懷,="25822854",高雄市
1250,臺北市流浪貓保護協會,="172",流浪貓協會,="48853652",臺北市
1251,社團法人苗栗縣視覺障礙者福利協進會,="279631",視障協會,="45339127",苗栗縣
1252,財團法人大甲媽社會福利基金會附設臺中市私立鎮瀾兒童家園,="20999",鎮瀾家園,="45797827",臺中市
1253,財團法人臺南市私立天主教美善社會福利基金會,="52099",美善基金會,="36721663",臺南市
1254,財團法人桃園市菩提社會福利基金會,="3712333",菩提之家,="08666416",桃園市
1255,社團法人中華民國小胖威利病友關懷協會,="104",小胖威利,="21789783",新北市
1256,財團法人國際單親兒童文教基金會,="11111",單親兒童,="87901689",新北市
1257,財團法人基督教會新竹錫安堂,="5611267",新竹錫安堂,="14706302",新竹市
1258,財團法人桃園市私立祥育?智教養院,="0168",祥育教養院,="14682619",桃園市
1259,社團法人高雄市鳳山心故鄉社區營造協會,="5514",心故鄉,="62928731",高雄市
1260,財法台灣省南市天主教仁愛修女會附設私立老吾老養護中心,="8789782",老吾老,="87897828",臺南市
1261,財團法人佛教蓮花基金會,="885814",蓮花基金會,="92001701",臺北市
1262,社團法人台北市脊髓損傷者協會,="88518",北市脊協,="92016726",臺北市
1263,台灣勞工資訊教育協會,="1794",苦勞網,="14928276",臺北市
1264,社團法人嘉義市正德護生慈善會,="703",正德,="14920703",嘉義市
1265,社團法人新北市身心障礙者弘德協會,="2981358",弘德協會,="09616772",新北市
1266,社團法人中華基督教救助協會,="51919",救助協會,="83867936",新北市
1267,社團法人中華基督教聯合差傳事工促進會,="924",聯合差傳,="81593186",新北市
1268,中華民國更生少年關懷協會,="52616",更生少年,="81599196",臺北市
1269,台北市學習障礙者家長協會,="8159",,="81597444",臺北市
1270,財團法人中華民國唐氏症基金會,="321",,="81598577",新北市
1271,社團法人台灣教授協會,="318",台教會,="81585171",臺北市
1272,財團法人台北市賽珍珠基金會,="399",賽珍珠,="81588108",臺北市
1273,社團法人台北市基督福音傳播及服務協會,="1232",福傳協會,="80912660",臺北市
1274,財團法人桃園市私立仁友愛心家園,="295",仁友,="15745295",桃園市
1275,社團法人中華民國失智者照顧協會,="2588",,="15571077",臺中市
1276,社團法人台灣無障礙協會,="1100",,="92074984",高雄市
1277,社團法人台灣國際海員漁民權益保護協會,="851314",海員漁民,="92082669",高雄市
1278,社團法人中華民國無障礙科技發展協會,="888",,="81598302",臺北市
1279,社團法人桃園市自閉症協進會,="818772",桃園自閉症,="83316878",桃園市
1280,社團法人新北市志願服務協會,="1205",新北志協,="87792958",新北市
1281,社團法人中華民國動物福利環保協進會,="529529",動福會,="83853383",臺北市
1282,財團法人台灣省天主教會新竹教區附設桃園市私立天使發展中心,="3675235",,="87787651",桃園市
1283,財團法人喜憨兒社會福利基金會,="88432",喜憨兒,="92070381",高雄市
1284,財團法人台南市私立佛教觀音村社會福利慈善事業基金會,="887",佛教觀音村,="14688640",臺南市
1285,財團法人台灣省台南市基督教活水基督教會,="2052",活水教會,="15747786",臺南市
1286,社團法人中華民國癌友新生命協會,="6988",新生命協會,="14686988",新北市
1287,新竹市保護動物協會,="860713",新竹保動,="83310749",新竹市
1288,財團法人桃園市私立嘉惠?智教養院,="3891874",桃嘉惠啟智,="83808846",桃園市
1289,社團法人南投縣家庭照顧者關懷協會,="58018",南投家照,="15745350",南投縣
1290,財團法人花蓮縣私立博愛居安廬老人長期照顧中心（養護型）,="212",博愛居安廬,="83801739",花蓮縣
1291,社團法人台中市街友關懷協會,="280",台中街友,="14702093",臺中市
1292,財團法人雙福社會福利慈善事業基金會,="2002515",雙福基金會,="14708759",臺北市
1293,社團法人高雄市心理復健協會,="7893",,="78933324",高雄市
1294,財團法人博幼社會福利基金會,="131",博幼基金會,="14935826",南投縣
1295,財團法人精神健康基金會,="621520",精健會,="13527581",臺北市
1296,財團法人台南市私立上崙社會福利慈善事業基金會,="995885",,="80896319",臺南市
1297,社團法人高雄市學習障礙教育協進會,="1574500",高學障協會,="15745008",高雄市
1298,財團法人台灣兒童暨家庭扶助基金會屏東分事務所,="7123",屏東家扶,="90767519",屏東縣
1299,社團法人屏東縣生命線協會,="081995",屏東生命線,="90715533",屏東縣
1300,中華民國優格文化教育推廣學會,="155",優格學會,="14695620",花蓮縣
1301,社團法人嘉義市聲暉協進會,="821017",嘉義市聲暉,="87670028",嘉義市
1302,財團法人一粒麥子社會福利慈善事業基金會,="209",,="15744887",臺東縣
1303,財團法人信望愛臍帶血基金會,="876945",信望愛臍血,="15583524",新北市
1304,社團法人中華溝通分析協會,="8935",TA,="83868935",屏東縣
1305,社團法人中華民國觀護協會,="5688",觀護協會,="83867859",臺北市
1306,中華鯨豚協會,="9977",鯨豚協會,="83869955",新北市
1307,新高雄紅十字會,="88168",新高雄紅會,="85930625",高雄市
1308,社團法人屏東縣脊髓損傷者協會,="2017",屏東脊協,="87894890",屏東縣
1309,中華民國運動神經元疾病病友協會,="621",漸凍人協會,="81582505",臺北市
1310,財團法人台北市私立雙連視障關懷基金會,="520",雙連視障,="81599528",臺北市
1311,社團法人中華房角石兒少關懷協會,="8910",新時代家園,="92018288",高雄市
1312,財團法人平安社會福利慈善事業基金會,="845",平安八社福,="92012708",臺北市
1313,財團法人臺北市傳德慈善基金會,="6956",傳德基金會,="92017393",臺北市
1314,社團法人台北市雙胞胎協會,="0422",,="92021158",臺北市
1315,社團法人臺東縣脊髓損傷者協會,="178885",台東脊髓,="78862171",臺東縣
1316,財團法人吉祥臻社會福利事業基金會,="5085",吉祥臻,="15754189",高雄市
1317,財團法人台中市私立弘毓社會福利基金會,="313",弘毓基金會,="80917742",臺中市
1318,社團法人嘉義縣脊髓損傷者協會,="158158",嘉義縣脊髓,="87897138",嘉義縣
1319,社團法人台灣導盲犬協會,="5299",台灣導盲犬,="14697346",臺北市
1320,社團法人中華民國乳癌病友協會,="528825",TBCA,="14709716",臺北市
1321,社團法人雲林縣台西身心障礙者福利協會,="1888",台西身障,="14554071",雲林縣
1322,社團法人高雄市生命線協會,="7995",高市生命線,="83724902",高雄市
1323,財團法人天主教博愛基金會,="820820",博愛基金會,="83851673",臺北市
1324,社團法人中華民國梅門一氣流行養生學會,="1760",梅門,="15739940",臺北市
1325,社團法人台灣歡呼兒協會,="5257",歡呼兒協會,="15570653",臺北市
1326,社團法人嘉義市盲人福利協進會,="2291292",嘉義盲協,="87672840",嘉義市
1327,財團法人義美環境保護基金會,="55211",義美環保,="92001511",臺北市
1328,社團法人中華民國救世慈善協會,="9473",救世慈善,="87814377",花蓮縣
1329,社團法人桃園市野鳥學會,="03528",桃園市野鳥,="87804687",桃園市
1330,社團法人台灣癲癇之友協會,="16899",癲癇之友,="92016633",臺北市
1331,財團法人臺中市私立信望愛智能發展中心,="12345",信望愛中心,="78949249",臺中市
1332,財團法人台南市私立朝興社會福利慈善事業基金會附設朝興,="788",朝興啟能,="15566031",臺南市
1333,社團法人台北市基督教萬芳浸信會,="0915915",萬芳浸信會,="15564435",臺北市
1334,財團法人新北市私立天道總會社會福利慈善事業基金會,="0861",天道基金會,="87794750",新北市
1335,財團法人屏東縣私立基督教伯大尼之家,="90061",伯大尼之家,="87879173",屏東縣
1336,財團法人台灣省私立景仁殘障教養院,="17934",景仁教養院,="98229964",桃園市
1337,社團法人中華民國社區重聽福利協會,="731580",重聽協會,="81585448",臺北市
1338,社團法人中華民國血友病協會,="5293",,="81597351",臺北市
1339,社團法人中華民國愛滋感染者權益促進會,="99999",權促會,="81589438",臺北市
1340,財團法人台中市私立慈光社會福利慈善事業基金會附設台中市私立慈馨兒少之家,="2213",慈馨兒少家,="45496548",臺中市
1341,財團法人慈愛動物福利基金會,="4569",慈愛基金會,="21943245",臺南市
1342,財團法人雲林縣青埔教育基金會,="6970",,="45224716",雲林縣
1343,財團法人全成社會福利基金會,="2249121",全成基金會,="21408721",臺中市
1344,社團法人中華民國群園關懷協會,="1788",群園協會,="21412703",臺中市
1345,社團法人花蓮縣大比大家庭關懷協會,="4997276",,="49972760",花蓮縣
1346,台灣動物保護協進會,="99520",TAPA,="09287032",臺中市
1347,台灣赤子心過動症協會總會,="9449",赤子心,="21726578",臺北市
1348,中華日月門黃帝內經學會,="795",中華日月門,="48726559",臺北市
1349,財團法人正隆關懷兒童基金會,="238",,="09631078",新北市
1350,社團法人澎湖縣慢飛天使服務協會,="9535",澎慢飛天使,="09545382",澎湖縣
1351,社團法人台南市大德真君慈善會,="0929",大德真君,="09560361",臺南市
1352,財團法人大地之子教育基金會,="168997",大地之子,="21555624",新北市
1353,社團法人台灣優質生命協會,="8098",優質生命,="21723397",臺北市
1354,財團法人台北市自閉兒社會福利基金會,="52772",,="21741677",臺北市
1355,社團法人桃園市推廣動物保護協會,="52299",桃協捐贈碼,="49979671",桃園市
1356,社團法人台灣阿甘精神發展協會,="5217",阿甘協會,="48674497",臺北市
1357,財團法人基督教中華聖潔會,="0316",中華聖潔會,="47105357",新竹市
1358,社團法人連江縣身心障礙協會,="23023",身障協會,="08720018",連江縣
1359,社團法人台灣脊髓肌肉萎縮症病友協會,="0675",sma,="21351282",高雄市
1360,台灣國際發明得獎協會,="4580",台灣國際發,="21703081",臺北市
1361,社團法人臺中市新生命戒癮成長協會,="2005220",新生命戒癮,="21816162",臺中市
1362,社團法人台中市城市之光關懷協會,="700",城市之光,="21821067",臺中市
1363,社團法人台灣結節硬化症協會,="0285",TSC,="48727810",臺北市
1364,社團法人台南市牧德關懷協會,="01234",牧德協會,="09504191",臺南市
1365,台北市基督教都市標竿協會,="7899",都市標竿,="48720268",臺北市
1366,社團法人台灣原生植物保育協會,="2880",原植會,="21709085",臺北市
1367,社團法人新北市照顧生命協會,="4987",狗捐血中心,="49879032",新北市
1368,社團法人台灣露德協會,="852",露德協會,="48761056",臺北市
1369,社團法人雲林縣盲人福利協進會,="7119",雲盲人協會,="45201235",雲林縣
1370,社團法人中華民國白化症者關懷協會,="0520",,="48752818",桃園市
1371,財團法人晨光社會福利基金會附設金門縣私立晨光教養家園,="1314",晨光家園,="66962442",金門縣
1372,社團法人雲林縣飛耀青年發展協會,="7827299",飛耀協會,="21896622",雲林縣
1373,社團法人臺東縣天主教愛德婦女協會,="666666",台東愛德,="21681404",臺東縣
1374,社團法人高雄市天元慈善會,="369",,="21603576",高雄市
1375,財團法人桃園縣私立寶貝潛能發展中心,="329",寶貝中心,="21521250",桃園市
1376,中華老子學會,="110119",,="10078202",花蓮縣
1377,台灣動物不再流浪協會,="599",MIX,="09936183",新北市
1378,社團法人彰化縣秀水鄉馬興社區發展協會,="7515225",,="21858090",彰化縣
1379,社團法人南投縣康復之友協會,="2422925",南投縣康協,="08819010",南投縣
1380,社團法人高雄市飛揚福利服務協會,="909090",飛揚協會,="09141889",高雄市
1381,社團法人台灣生命教育學會,="51116",病主中心,="99967664",臺北市
1382,財團法人台中市私立甘霖社會福利慈善事業基金會,="1385",,="21448245",臺中市
1383,社團法人台灣黃絲帶愛網關懷協會,="16940",台灣黃絲帶,="09586947",臺南市
1384,社團法人台灣關愛之家協會,="25985",關愛之家,="99340570",臺北市
1385,社團法人台灣少年權益與福利促進聯盟,="329580",台少盟,="99032503",臺北市
1386,嘉義縣扶緣服務協會,="616",扶緣,="21664411",嘉義縣
1387,社團法人台南市教育及兒童青少年發展協會,="3339",兒少協會,="21629098",臺南市
1388,台中市沐風關懷協會,="3450",沐風協會,="21841802",臺中市
1389,社團法人中華民國恩福會,="100",恩福會,="29336095",苗栗縣
1390,社團法人大臺南熱蘭遮失智症協會,="5271",熱蘭遮,="29451453",臺南市
1391,財團法人私立天主教中華聖母社會福利慈善事業基金會,="365",聖母基金會,="09017615",嘉義市
1392,社團法人台灣身心機能活化運動協會,="8511",翠華園,="21322674",高雄市
1393,社團法人中華基督教讚美關懷協會,="1360",讚美協會,="09684525",新北市
1394,社團法人花蓮縣老人暨家庭關懷協會,="5577",老家,="29361869",花蓮縣
1395,財團法人台灣紅絲帶基金會,="121",紅絲帶,="99988921",臺北市
1396,社團法人中華民國基督教拿撒勒人信德會,="2303347",信德堂,="99179288",臺北市
1397,財團法人利伯他茲教育基金會,="8868",利伯他茲,="29473029",新北市
1398,財團法人高雄市私立星星兒社會福利基金會,="88772",星星兒,="17949823",高雄市
1399,社團法人高雄市彩色頁女性願景協會,="1841",彩色頁,="18415614",高雄市
1400,財團法人台灣兒童暨家庭扶助基金會花蓮分事務所,="1785",,="08148054",花蓮縣
1401,社團法人高雄市自強身障關懷協會,="0526",自強身障,="08230526",高雄市
1402,社團法人雲林縣?智協會,="1311",雲林啟智,="20410312",雲林縣
1403,社團法人中華民國老人福祉協會,="1999",老人福祉,="19472660",新北市
1404,財團法人桃園市美好社會福利基金會,="1961537",美好基金會,="19615371",桃園市
1405,財團法人屏東縣私立基督教沐恩之家,="1399",沐恩之家,="17661665",屏東縣
1406,財團法人台北市私立東森社會福利慈善基金會,="131420",東慈基金會,="18028254",臺北市
1407,社團法人雲林縣老人長期照護協會,="0531026",雲老長照,="19310461",雲林縣
1408,財團法人台灣基督教主愛之家輔導中心,="580",主愛之家,="08149639",花蓮縣
1409,社團法人新北市家庭照顧者關懷協會,="8018",新北家協,="17880985",新北市
1410,財團法人濟興長青基金會,="86129",濟興基金會,="19886155",高雄市
1411,財團法人苗栗縣私立廣愛教養院,="3498",廣愛教養院,="98173498",苗栗縣
1412,社團法人桃園市脊髓損傷者協會,="5022",桃園脊髓,="87794718",桃園市
1413,社團法人中華民國天元慈善功德會,="882",天元慈善,="87814475",新北市
1414,財團法人福榮融合教育推廣基金會,="1319",福榮基金會,="13301182",新竹市
1415,社團法人台灣陽光婦女協會,="85885",,="18247321",臺中市
1416,社團法人台灣綠色公民行動聯盟協會,="17685",綠盟,="18246961",臺北市
1417,台中市佛光慈善會,="108",佛光慈善會,="17722614",臺中市
1418,財團法人桃園市私立方舟?智教養院,="4870110",方舟教養院,="19606464",桃園市
1419,財團法人高雄市小港浸信會,="7177",小港浸信會,="18416450",高雄市
1420,高雄市女姓權益促進會,="521999",高雄女權會,="17014540",高雄市
1421,社團法人嘉義市殘障者服務協會,="225885",嘉市殘協,="06278559",嘉義市
1422,台灣環境保?聯盟,="456789",環保聯盟,="18038746",臺北市
1423,社團法人高雄市關懷魚鱗癬協會,="3963021",魚鱗癬協會,="19896359",高雄市
1424,財團法人愚人之友社會福利慈善事業基金會,="921",愚人之友,="19311187",南投縣
1425,財團法人育成社會福利基金會,="7085",育成基金會,="08628053",臺北市
1426,財團法人中華基督教伯特利會總會附設花蓮縣私立長榮老人長期照顧中心（養護型）,="8828",長榮養護院,="19478828",花蓮縣
1427,財團法人桃園市私立國宏老人長期照顧中心（養護型）,="2977",國宏長照,="17870712",桃園市
1428,財團法人桃園市私立心燈啟智教養院,="4205558",心燈啟智,="08412384",桃園市
1429,財團法人普仁青年關懷基金會,="17270",普仁基金會,="18481135",臺北市
1430,財團法人台灣省私立心德慈化教養院,="175758",心德教養院,="06562718",臺南市
1431,社團法人台灣消費者保護協會,="234",台灣消保會,="17960973",高雄市
1432,社團法人花蓮縣智障福利協進會,="7756",花蓮智協,="08149928",花蓮縣
1433,財團法人高雄市私立博正兒童發展中心,="5586331",博正兒發,="19883447",高雄市
1434,財團法人犯罪被害人保護協會,="5850",,="19326837",臺北市
1435,財團法人天主教會嘉義教區附設嘉縣私立聖心教養院,="225",聖心教養院,="06342573",嘉義縣
1436,社團法人彰化縣生命線協會,="6891",彰化生命線,="05957100",彰化縣
1437,中華民國學習障礙協會,="1926",中華學障,="19266275",臺北市
1438,社團法人南投縣麻煩小天使協會,="857885",麻煩小天使,="19267128",南投縣
1439,中華民國災難救援協會,="6274",災難救援,="18236274",新北市
1440,社團法人高雄市社福慈善總會,="7881155",高市社總,="07881155",高雄市
1441,社團法人高雄市殘障服務協會,="56880",,="07861691",高雄市
1442,財團法人鉅明文教基金會,="008",鉅明文教,="17946852",高雄市
1443,台北市?明權益促進會,="998",啟明權促會,="19341598",臺北市
1444,財團法人天主教會花蓮教區附設私立安德?智中心,="8861210",,="08159636",花蓮縣
1445,社團法人高雄市鳳林觀音慈愛會,="5666",鳳林觀音,="19883164",高雄市
1446,社團法人高雄市慈妙德慈善會,="167888",慈妙德,="19887561",高雄市
1447,財團法人熱愛生命文教基金會,="8008",熱愛生命,="19280277",彰化縣
1448,彰化縣康復之友協會,="99655",康復之友,="19303481",彰化縣
1449,新北市自閉症服務協進會,="7688",,="08579341",新北市
1450,財團法人基督教蘭恩文教基金會,="000147",蘭恩基金會,="12072154",臺東縣
1451,社團法人台灣同志諮詢熱線協會,="0609",熱線,="18037789",臺北市
1452,財團法人台北市福智佛教基金會,="0606",福智佛教,="18031700",臺北市
1453,財團法人新北市一貫道天華基金會,="5555",一貫道天華,="18036091",新北市
1454,財團法人兒童肝膽疾病防治基金會,="520885",兒童肝基會,="18039647",臺北市
1455,社團法人宜蘭縣自閉症協會,="1313677",,="19320849",宜蘭縣
1456,財團法人良顯堂社會福利基金會,="2911811",良顯堂,="17711519",南投縣
1457,財團法人佳醫健康基金會,="193",佳醫基金會,="19325865",新北市
1458,社團法人台北市基督教教會聯合會,="5240",乘風少年,="19339565",臺北市
1459,財團法人新北市私立榮光育幼院,="4567988",榮光育幼院,="18243394",新北市
1460,財團法人宜蘭縣私立蘭陽仁愛之家,="9283880",蘭陽仁愛,="19615766",宜蘭縣
1461,社團法人雲林縣復健青年協進會,="740612",復健協會,="06180423",雲林縣
1462,財團法人台灣省私立高雄仁愛之家,="7037380",高雄仁家,="07861783",高雄市
1463,財團法人台灣兒童暨家庭扶助基金會高雄市北區分事務所,="3100",北高雄家扶,="07927217",高雄市
1464,新北市政府社會局委託天主教耕莘醫療財團法人永和耕莘醫院辦理新北市愛維養護中心,="9456",愛維,="19320968",新北市
1465,財團法人高雄市林柔蘭社會福利基金會,="2776",柔蘭基金會,="17954682",高雄市
1466,財團法人千佛山慈善基金會,="885",千佛山慈善,="08246787",高雄市
1467,社團法人高雄市濟心慈善會,="2992020",,="08255814",高雄市
1468,社團法人高雄市超越巔峰關懷協會,="6565",癲癇協會,="19881074",高雄市
1469,社團法人台中市?智協進會,="450",台中啟智,="19310743",臺中市
1470,社團法人中華民國貓頭鷹親子教育協會,="17265",貓頭鷹,="17879312",臺北市
1471,財團法人台灣兒童暨家庭扶助基金會台南市南區分事務所,="6782",台南南區家,="06398533",臺南市
1472,財團法人華山社會福利慈善事業基金會,="111",華山基金會,="18488186",臺北市
1473,社團法人雲林縣婦女保護會,="5372676",婦保會,="19298017",雲林縣
1474,西蓮淨苑,="4832",西蓮淨苑,="08577420",新北市
1475,社團法人新北市盲人福利協進會,="9999",新北盲協,="08577553",新北市
1476,社團法人台灣人權促進會,="1984",台權會,="20094899",臺北市
1477,財團法人台灣癌症臨床研究發展基金會,="2323",,="20095877",臺北市
1478,財團法人法鼓山佛教基金會,="2009",法鼓山佛教,="20097501",臺北市
1479,康寧學校財團法人康寧大學,="137",康寧大學,="42321102",臺北市
1480,財團法人台北市基督教勵友中心,="101",,="04151704",臺北市
1481,財團法人靈鷲山佛教基金會,="52093",靈鷲山佛教,="19996580",新北市
1482,社團法人屏東縣身心障礙者就業福利協會,="094",就福協會,="20245094",屏東縣
1483,中華民國老人福利推動聯盟,="999",老盟,="01032260",臺北市
1484,財團法人廣青文教基金會,="2581",廣青,="00993161",臺北市
1485,中華民國智障者家長總會,="5000",智總,="01013685",臺北市
1486,財團法人天主教善牧社會福利基金會,="8835",,="01033182",臺北市
1487,財團法人環宇國際文化教育基金會,="711",環宇,="01045434",臺北市
1488,財團法人台北市婦女救援社會福利事業基金會,="8595",婦援會,="00969916",臺北市
1489,社團法人台北市晚晴婦女協會,="0096",台北晚晴,="00969970",臺北市
1490,恆基醫療財團法人恆春基督教醫院,="8880064",恆基,="20261946",屏東縣
1491,社團法人嘉義市脊髓損傷者協會,="5180",嘉市脊協,="20241219",嘉義市
1492,財團法人台北市基督徒救世會社會福利事業基金會,="0770223",基督救世會,="01019978",臺北市
1493,社團法人台灣海洋性貧血協會,="0331",海洋性貧血,="01033161",臺北市
1494,台東縣蘭嶼鄉居家關懷協會,="732848",蘭嶼居家,="17655452",臺東縣
1495,台灣金山財神廟慈善會,="5888",,="17607163",新北市
1496,財團法人優人文化藝術基金會,="881760",優人神鼓,="17604481",臺北市
1497,社團法人先天性成骨不全症關懷協會,="239",成骨不全症,="17606495",臺北市
1498,財團法人千禧龍青年基金會,="2258618",千禧龍,="17715114",南投縣
1499,中華民國普門慈幼慈善會,="0919",普門慈幼,="02976272",臺中市
1500,社團法人高雄市大高雄生命線協會,="071995",大高生命線,="20267272",高雄市
1501,財團法人錸德文教基金會,="5985696",錸德文教基,="17417810",新竹縣
1502,財團法人高雄市慈聯社會福利基金會,="5009",慈聯社福,="17027756",高雄市
1503,社團法人高雄市社區大學促進會,="2518200",社大促進會,="17001708",高雄市
1504,財團法人基督教芥菜種會,="001",芥菜種會,="04130379",臺北市
1505,財團法人台北市愛慈社會福利基金會,="81852",愛慈基金會,="17147725",臺北市
1506,財團法人中華民國自閉症基金會,="402",,="00968297",臺北市
1507,財團法人桃園市私立長長教養院,="3878801",,="17420189",桃園市
1508,台灣彩虹原住民關懷協會,="0258",彩協,="17601702",新竹縣
1509,社團法人台灣婦女展業協會,="112",婦展協會,="17601816",臺北市
1510,財團法人中華民國心臟病兒童基金會,="9988",,="00969514",臺北市
1511,財團法人中華民國（台灣）安寧照顧基金會,="199",安寧基金會,="00977922",臺北市
1512,財團法人台北市愛樂管弦樂團文化基金會,="5215",愛樂種子,="17608070",臺北市
1513,台灣勞工陣線協會,="0501",勞陣,="17605566",臺北市
1514,財團法人私立西田社布袋戲基金會,="1985",西田社,="01045384",臺北市
1515,社團法人國際特赦組織台灣分會,="05288",國際特赦,="01033036",臺北市
1516,財團法人興毅社會福利慈善事業基金會,="0103115",興毅基金會,="01031115",臺北市
1517,社團法人臺中市晚晴協會,="5785",台中晚晴,="05562388",臺中市
1518,社團法人台中市自閉症教育協進會,="1127",自閉症協會,="05557771",臺中市
1519,財團法人「張老師」基金會,="1980198",張老師,="01018680",臺北市
1520,中華視障人福利協會,="2599",中華視協,="01050344",臺北市
1521,財團法人羅慧夫顱顏基金會,="012378",羅慧夫,="01024959",臺北市
1522,社團法人臺中市山海屯?智協會,="626626",山海屯,="05777509",臺中市
1523,社團法人台南市淨宗學會,="2936611",台南市淨宗,="17029403",臺南市
1524,社團法人高雄市身心障礙團體聯合總會,="2014",高市身總,="17006648",高雄市
1525,高雄市普光敬老服務協會,="098",普光敬老,="17007392",高雄市
1526,財團法人台灣世界展望會,="7000",世界展望會,="04124664",臺北市
1527,社團法人台北市身心障礙服務推展協會,="2099",,="00998428",臺北市
1528,中華民國專業者都市改革組織,="826",OURs,="00980031",臺北市
1529,社團法人屏東縣屏東市長青學苑服務協會,="568568",長青學苑,="17021459",屏東縣
1530,財團法人台灣兒童暨家庭扶助基金會苗栗分事務所,="461234",苗栗家扶,="02910878",苗栗縣
1531,財團法人臺中市私立十方社會福利慈善事業基金會,="1010225",,="02963305",臺中市
1532,社團法人台北市角落關懷協會,="9789",角落挑戰者,="17144023",臺北市
1533,社團法人台北市生命線協會,="95958",,="04144367",臺北市
1534,財團法人陽光社會福利基金會,="13579",,="04180692",臺北市
1535,財團法人莊福文化教育基金會,="5265",莊福基金會,="04144774",臺北市
1536,中華民國基督教女青年會協會,="066",YWCA,="04134918",臺北市
1537,財團法人私立天主教華光智能發展中心,="0818",,="02746130",新竹縣
1538,社團法人台南市腦性麻痺之友協會,="815",台南腦麻,="17020640",臺南市
1539,社團法人新北市國際生命線協會,="021995",新北生命線,="01974000",新北市
1540,社團法人中華民國工作傷害受害人協會,="428",工傷協會,="00999643",臺北市
1541,社團法人高雄市注意力缺陷過動症協會,="88002",過動症協會,="19905370",高雄市
1542,財團法人基督教都市人工作群社會福利事業基金會,="2259",都市人基金,="01052259",新北市
1543,財團法人台南市私立蓮心園社會福利慈善事業基金會,="2525",蓮心園,="20258597",臺南市
1544,社團法人台南市慈光身障協會,="3799",慈光身障,="20259049",臺南市
1545,財團法人忠義社會福利事業基金會,="25999",忠義基金會,="05200153",臺北市
1546,社團法人屏東縣海口人社區經營協會,="890109",海口人協會,="17661216",屏東縣
1547,台灣預防醫學學會,="391",,="00956047",臺北市
1548,財團法人肝病防治學術基金會,="583",肝基會,="01033084",臺北市
1549,財團法人計志文聖道基金會,="2217",計志文聖道,="01060194",臺北市
1550,財團法人台灣兒童暨家庭扶助基金會附設新北市私立家扶發展學園,="818585",新北市發展,="17434509",新北市
1551,中華民國關懷心臟病童協會,="875",ccca,="00958523",臺北市
1552,看守台灣協會,="922",,="17419113",新北市
1553,社團法人中華民國身心障礙者藝文推廣協會,="147789",身障藝協,="17141721",臺北市
1554,社團法人台南市癲癇之友協會,="2350253",台南癲癇,="20266554",臺南市
1555,社團法人嘉義縣聽語多重障礙福利協進會,="540319",聽語障礙,="20266359",嘉義縣
1556,社團法人高雄市家庭照顧者關懷協會,="3223839",,="17001067",高雄市
1557,財團法人基督教救世軍,="52947",救世軍,="04174967",臺北市
1558,台北市盲人福利協進會,="2558",,="04124088",臺北市
1559,財團法人靖娟兒童安全文教基金會,="515",靖娟基金會,="00974798",臺北市
1560,財團法人天主教福利會,="885288",CS,="00968677",新北市
1561,財團法人創世社會福利基金會,="919",創世基金會,="00969129",臺北市
1562,財團法人新竹縣天主教世光教養院,="9955116",,="02809280",新竹縣
1563,財團法人新竹縣天主教世光教養院,="0280928",,="02809280",新竹縣
1564,社團法人新竹縣智障福利協進會,="3170",,="02808402",新竹縣
1565,新竹縣肢體殘障協會,="9656",縣肢體,="02807895",新竹縣
1566,財團法人天帝教,="691221",天帝教,="02277615",新北市
1567,中華民國紅心字會,="7777777",,="02276242",臺北市
1568,財團法人中華民國兒童福利聯盟文教基金會,="885521",兒福聯盟,="01013257",臺北市
1569,財團法人中華民國兒童燙傷基金會,="0995",CBF,="00993280",臺北市
1570,財團法人中華?能基金會,="220",中華啟能基,="04199664",新北市
1571,財團法人台灣早產兒基金會,="1117",,="00979457",臺北市
1572,中華民國大慈功德會,="8812",大慈功德會,="17607945",新北市
1573,財團法人台灣兒童暨家庭扶助基金會基隆分事務所,="33085",基隆家扶,="20008206",基隆市
1574,財團法人雅文兒童聽語文教基金會,="889881",雅文基金會,="19992108",臺北市
1575,社團法人宜蘭縣康復之友協會,="1101",宜蘭康復,="19608863",宜蘭縣
1576,社團法人桃園市腎友協會,="9595885",,="19605752",桃園市
1577,臺中市山海屯國際生命線協會,="041995",,="05696957",臺中市
1578,財團法人台灣兒童暨家庭扶助基金會台北青角分事務所,="176176",台北青角,="20082155",臺北市
1579,財團法人中華民國發展遲緩兒童基金會,="0855",發緩基金會,="17154611",臺北市
1580,財團法人宜蘭縣私立鴻德養護院,="9231106",,="17126496",
1581,社團法人中華青少年純潔運動協會,="3399",純潔協會,="17137894",臺北市
1582,國際同濟會台灣總會,="9913",國際同濟會,="04139913",臺中市
1583,財團法人中華文化社會福利事業基金會,="5948",中華社福,="04140593",臺北市
1584,社團法人中華人權協會,="620",CAHR,="04137345",臺北市
1585,社團法人台灣安寧照顧協會,="220927",THO,="02253590",新北市
1586,財團法人新竹市私立愛恆?能中心,="521",,="17430320",新竹市
1587,台灣基督長老教會馬偕醫療財團法人台東馬偕紀念醫院,="1987",台東馬偕,="08109279",臺東縣
1588,財團法人台灣聖經公會,="9909",聖經公會,="04181952",臺北市
